date,asset,price_usd,market_cap_usd
2026-01-01,AAVE,145.9763174843862,2215971927.7963
2026-01-01,BNB,862.6875532651649,118821904084.76799
2026-01-01,BTC,87575.04615968224,1748854230148.607
2026-01-01,CC,0.15279023927545374,5625867375.715485
2026-01-01,ENA,0.20001152223398835,1538213613.1807666
2026-01-01,ETH,2970.028682356399,358467366367.18896
2026-01-01,HYPE,25.442008549981004,6065001246.6951885
2026-01-01,LINK,12.19980447446588,8638681187.896624
2026-01-01,ONDO,0.3595020733959088,1135705706.756126
2026-01-01,SYRUP,0.32215858243840323,346529366.54966855
2026-01-01,XMR,433.3809698109549,7994467836.518731
2026-01-02,AAVE,149.03818456618424,2262471035.830955
2026-01-02,BNB,863.1439009118409,118884722854.82588
2026-01-02,BTC,88764.12624075128,1772643389813.6357
2026-01-02,CC,0.1599611236907752,5896259287.499808
2026-01-02,ENA,0.21788855505202906,1675699168.697011
2026-01-02,ETH,3003.8548082170178,362549964638.6268
2026-01-02,HYPE,24.197104042304236,5768234292.299928
2026-01-02,LINK,12.625288968434779,8939966745.504036
2026-01-02,ONDO,0.38752325958511397,1224227647.017955
2026-01-02,SYRUP,0.3703883021769502,398407587.8385962
2026-01-02,XMR,421.33380630462455,7772236894.503321
2026-01-03,AAVE,165.55099142616407,2513169143.544198
2026-01-03,BNB,881.4243048172793,121402531249.121
2026-01-03,BTC,89978.91920361611,1796943351423.4443
2026-01-03,CC,0.1479005133485834,5458114246.252988
2026-01-03,ENA,0.23719452200736177,1824174120.8128667
2026-01-03,ETH,3135.108477674636,378391580872.4133
2026-01-03,HYPE,24.58610601576073,5860966650.649138
2026-01-03,LINK,13.271946750148317,9397865101.628326
2026-01-03,ONDO,0.4242482377211614,1340245801.9499028
2026-01-03,SYRUP,0.36829729752197093,396158402.0088786
2026-01-03,XMR,425.3138879182215,7845656441.421821
2026-01-04,AAVE,162.60644349829593,2468476124.837635
2026-01-04,BNB,878.1453705134414,120950873790.12415
2026-01-04,BTC,90614.40684381907,1809678441959.2795
2026-01-04,CC,0.15939314104468252,5888424378.343988
2026-01-04,ENA,0.2386221441287136,1835153427.189888
2026-01-04,ETH,3130.7963686371836,377871070454.3231
2026-01-04,HYPE,25.35891327136707,6045192552.448508
2026-01-04,LINK,13.214930693943213,9357492033.91417
2026-01-04,ONDO,0.42706092620588804,1349131387.3187344
2026-01-04,SYRUP,0.36580675961787473,393479458.87552464
2026-01-04,XMR,434.416947418321,8013578250.307907
2026-01-05,AAVE,164.78825399721688,2501720963.285847
2026-01-05,BNB,896.2525608584742,123444813997.233
2026-01-05,BTC,91879.5772256957,1834987309777.0288
2026-01-05,CC,0.14996229282765933,5546053169.554664
2026-01-05,ENA,0.25174875756182064,2003369409.7849257
2026-01-05,ETH,3153.1033957378954,380563376620.20197
2026-01-05,HYPE,26.704549255377625,6365972411.656127
2026-01-05,LINK,13.467499666757117,9536336116.100935
2026-01-05,ONDO,0.44038563317931884,1391225569.4402184
2026-01-05,SYRUP,0.3752134409026023,403597740.6306119
2026-01-05,XMR,418.99559655006436,7729104537.570298
2026-01-06,AAVE,171.29099360745138,2600465470.1403227
2026-01-06,BNB,910.1472316070085,125358546997.25142
2026-01-06,BTC,93879.9479734475,1874977643561.6355
2026-01-06,CC,0.14015154482779382,5188754459.41465
2026-01-06,ENA,0.25277965631204646,2011573108.7457073
2026-01-06,ETH,3227.3933194586493,389529756944.73987
2026-01-06,HYPE,26.493318018958814,6315617986.623045
2026-01-06,LINK,13.924626332934782,9860027494.914429
2026-01-06,ONDO,0.45531487826445427,1438388659.9909558
2026-01-06,SYRUP,0.3758589064779798,404292034.6496389
2026-01-06,XMR,436.37680229813657,8049731191.697475
2026-01-07,AAVE,175.82745564629175,2669389326.6986384
2026-01-07,BNB,916.7010933955976,126261194261.8182
2026-01-07,BTC,93649.6319764084,1870414277860.5935
2026-01-07,CC,0.13634461279991172,5052915564.74012
2026-01-07,ENA,0.25613041501064654,2038237818.2019107
2026-01-07,ETH,3291.912961414173,397316871893.3528
2026-01-07,HYPE,28.218794268506702,6726946187.542885
2026-01-07,LINK,14.011292889762352,9921396081.24326
2026-01-07,ONDO,0.4565032984737483,1442143007.2217526
2026-01-07,SYRUP,0.3894116489806591,418870020.55619836
2026-01-07,XMR,441.96069340925095,8152735801.959664
2026-01-08,AAVE,167.49850340816153,2543036340.2776885
2026-01-08,BNB,898.5170181191884,123756582482.32465
2026-01-08,BTC,91286.03314397692,1823249641248.364
2026-01-08,CC,0.1381963357895209,5126766573.070002
2026-01-08,ENA,0.23754352073771595,1890326798.6206052
2026-01-08,ETH,3167.4127745767946,382290206190.8564
2026-01-08,HYPE,26.831588751930788,6396256762.180608
2026-01-08,LINK,13.430447092999652,9510099189.718082
2026-01-08,ONDO,0.4229784427458398,1336234383.083078
2026-01-08,SYRUP,0.37608477253293815,404723029.4985011
2026-01-08,XMR,436.1731739460225,8045974911.599875
2026-01-09,AAVE,164.34967104635015,2495266515.9017935
2026-01-09,BNB,892.2148003039543,122888512108.36664
2026-01-09,BTC,91027.66616983686,1818127709176.3096
2026-01-09,CC,0.1348988945109576,5009637566.884217
2026-01-09,ENA,0.2335098155286045,1858227328.886223
2026-01-09,ETH,3106.059127932304,374885083400.75244
2026-01-09,HYPE,25.67128419704442,6119657194.260992
2026-01-09,LINK,13.2181750721035,9359789377.993607
2026-01-09,ONDO,0.40795557047109904,1288775514.172739
2026-01-09,SYRUP,0.38539290175370966,414739957.94743013
2026-01-09,XMR,452.2565230539896,8342660336.44267
2026-01-10,AAVE,169.03228145866444,2566370637.802724
2026-01-10,BNB,896.3528714914261,123458402271.16824
2026-01-10,BTC,90551.71363174269,1808660912220.566
2026-01-10,CC,0.12599245633802197,4683519587.734677
2026-01-10,ENA,0.232660450131836,1851468238.3147511
2026-01-10,ETH,3085.4102699805294,372392811824.29297
2026-01-10,HYPE,25.10914329388292,5985651057.45009
2026-01-10,LINK,13.642366564584028,9660159361.285307
2026-01-10,ONDO,0.4037384580813954,1275453202.6717873
2026-01-10,SYRUP,0.38926122934176827,418902852.5256587
2026-01-10,XMR,443.1626668830704,8174908299.014599
2026-01-11,AAVE,170.41994946465067,2587709072.473032
2026-01-11,BNB,906.5126842973807,124857657564.83812
2026-01-11,BTC,90420.29795170767,1806081524434.709
2026-01-11,CC,0.13070226697142098,4875004143.879837
2026-01-11,ENA,0.22696507410904718,1806145503.808402
2026-01-11,ETH,3086.1247025890502,372478999268.31433
2026-01-11,HYPE,24.153025011552888,5757726498.6273155
2026-01-11,LINK,14.094074499648586,9980013736.757719
2026-01-11,ONDO,0.40189052615078596,1269615386.9967194
2026-01-11,SYRUP,0.39588477860977533,426030774.53038603
2026-01-11,XMR,440.35229075310116,8123066009.794194
2026-01-12,AAVE,171.7057667167596,2607260231.282839
2026-01-12,BNB,902.9366284387221,124364991802.40852
2026-01-12,BTC,90856.55910152226,1814830239671.1992
2026-01-12,CC,0.14864263524417248,5549071829.469747
2026-01-12,ENA,0.22769710859015804,1811970896.9526172
2026-01-12,ETH,3120.1733886182465,376588474098.12317
2026-01-12,HYPE,24.659113466956434,5878370554.969433
2026-01-12,LINK,14.026393148633888,9932088574.10402
2026-01-12,ONDO,0.4003764278139788,1264832187.5412655
2026-01-12,SYRUP,0.4004004744403958,430890333.412692
2026-01-12,XMR,554.3023153868351,10225072951.405582
2026-01-13,AAVE,167.21918931810643,2539190676.396876
2026-01-13,BNB,904.5923566902693,124592939562.78705
2026-01-13,BTC,91200.62761511702,1821743571887.9038
2026-01-13,CC,0.14388705208180466,5375516190.931037
2026-01-13,ENA,0.2138402532526041,1701700640.3367386
2026-01-13,ETH,3091.684735239076,373150020016.49835
2026-01-13,HYPE,23.828531929579785,5680372112.756224
2026-01-13,LINK,13.568428413055384,9607803758.372555
2026-01-13,ONDO,0.4775736145160525,1508706401.2694051
2026-01-13,SYRUP,0.3893154251023949,418961175.2072155
2026-01-13,XMR,627.9680305253996,11583965545.573475
2026-01-14,AAVE,179.86774567850833,2731257105.5284514
2026-01-14,BNB,943.2811965266268,129921170202.91124
2026-01-14,BTC,95429.1573224277,1906249903552.0205
2026-01-14,CC,0.15005893149369648,5608072054.425279
2026-01-14,ENA,0.24165000112469723,1923005399.5751297
2026-01-14,ETH,3330.50442935756,401974251658.0505
2026-01-14,HYPE,25.840691638554226,6160041440.730289
2026-01-14,LINK,14.401082805900629,10197406309.343489
2026-01-14,ONDO,0.4744853102438972,1498950115.9913964
2026-01-14,SYRUP,0.3987458614336096,429129169.7622719
2026-01-14,XMR,665.5031953459613,12276367124.782883
2026-01-15,AAVE,180.58144990796143,2741809027.4652934
2026-01-15,BNB,947.7031427664074,130530110165.78598
2026-01-15,BTC,96898.76071081961,1935642376552.2793
2026-01-15,CC,0.13646705776369913,5101860614.241981
2026-01-15,ENA,0.23730959442239807,1888465256.8644896
2026-01-15,ETH,3351.816081641762,404546373479.0561
2026-01-15,HYPE,26.004745068552864,6199149369.473875
2026-01-15,LINK,14.418189093630502,10209519271.179565
2026-01-15,ONDO,0.4535040834111462,1432668164.336396
2026-01-15,SYRUP,0.38913541321337236,418786432.5336866
2026-01-15,XMR,705.5903364129075,13015844356.69153
2026-01-16,AAVE,173.80341478053546,2638932473.483334
2026-01-16,BNB,930.4748135254791,126880747466.65096
2026-01-16,BTC,95593.30783680787,1909607764838.513
2026-01-16,CC,0.13542488919228893,5067832986.332688
2026-01-16,ENA,0.22410420168991496,1783379217.5105264
2026-01-16,ETH,3319.2231658916444,400612477635.317
2026-01-16,HYPE,24.797367086077692,5911328187.645457
2026-01-16,LINK,14.126011679941518,10002628453.179483
2026-01-16,ONDO,0.44229438144185085,1397255510.4473488
2026-01-16,SYRUP,0.3773571303987812,406110677.8380048
2026-01-16,XMR,669.2082976077662,12344714197.973318
2026-01-17,AAVE,178.52754598011828,2710686063.5440803
2026-01-17,BNB,937.2419266208026,127803455632.68906
2026-01-17,BTC,95523.1861982478,1908245771104.619
2026-01-17,CC,0.12608865197300706,4720152124.624698
2026-01-17,ENA,0.22119342155393665,1760215774.9596865
2026-01-17,ETH,3292.5138978949726,397388689792.2721
2026-01-17,HYPE,25.118147976559815,5987797641.575089
2026-01-17,LINK,14.251930640672354,10091791665.552408
2026-01-17,ONDO,0.38529917332025465,1217201519.3534925
2026-01-17,SYRUP,0.3622847730439399,389889849.4266729
2026-01-17,XMR,614.2001649568167,11329993252.988586
2026-01-18,AAVE,173.80123120960576,2638920507.309932
2026-01-18,BNB,946.257182729207,129032681239.66354
2026-01-18,BTC,94802.88170431636,1893940780540.7515
2026-01-18,CC,0.12001866921021533,4495435387.085185
2026-01-18,ENA,0.21918267235396027,1744214609.8417494
2026-01-18,ETH,3307.0701203970584,399145479765.2144
2026-01-18,HYPE,25.413256765118383,6058147243.376468
2026-01-18,LINK,13.73548053423346,9726093360.442793
2026-01-18,ONDO,0.3851131823182541,1875243421.2259731
2026-01-18,SYRUP,0.36554963580156213,393403485.50437164
2026-01-18,XMR,588.6165855454248,10858059511.097216
2026-01-19,AAVE,168.45894820220448,2557805660.850171
2026-01-19,BNB,926.6525354149239,126359368823.15224
2026-01-19,BTC,93344.2194849136,1864801600128.905
2026-01-19,CC,0.11776745881602821,4411164536.758777
2026-01-19,ENA,0.19849538616239193,1579589065.1954095
2026-01-19,ETH,3277.768640868265,395608949640.7952
2026-01-19,HYPE,24.39149181693383,5814573483.372625
2026-01-19,LINK,13.621828268110537,9645616194.15928
2026-01-19,ONDO,0.34884919667986236,1698662084.5745845
2026-01-19,SYRUP,0.3445026064969413,370752732.0169704
2026-01-19,XMR,561.5478176249321,10358728876.877249
2026-01-20,AAVE,166.73004109517393,2531563081.650618
2026-01-20,BNB,922.8488030286093,125840615216.31682
2026-01-20,BTC,92566.01277952259,1849293615306.6567
2026-01-20,CC,0.11735907537998641,4397193977.192904
2026-01-20,ENA,0.19438281051538708,1546861959.304479
2026-01-20,ETH,3186.780739691063,384627179057.7912
2026-01-20,HYPE,23.77312376716431,5667163620.452373
2026-01-20,LINK,13.267823793020362,9394945635.807844
2026-01-20,ONDO,0.39673634552079473,1931840446.023187
2026-01-20,SYRUP,0.3577254862707382,384983157.87968636
2026-01-20,XMR,617.2211499945789,11385720590.830692
2026-01-21,AAVE,157.72829823846635,2394732725.9395347
2026-01-21,BNB,881.8889819088545,120255219852.66316
2026-01-21,BTC,88416.88686186896,1766441725515.5132
2026-01-21,CC,0.12641903453018727,4737942726.226579
2026-01-21,ENA,0.1801594745457645,1433675318.5337167
2026-01-21,ETH,2941.883255665837,355069320367.48303
2026-01-21,HYPE,21.092093470310914,5028045366.05435
2026-01-21,LINK,12.669350593857736,8971166781.164124
2026-01-21,ONDO,0.4088019293885457,1990591763.3243756
2026-01-21,SYRUP,0.3319051455666266,357195380.1470283
2026-01-21,XMR,498.4438390674781,9194665934.395039
2026-01-22,AAVE,162.6074466950725,2468890315.1193514
2026-01-22,BNB,882.7933729704462,120378418217.93903
2026-01-22,BTC,89453.90473719541,1787198131481.9512
2026-01-22,CC,0.14819422892662126,5555926353.387529
2026-01-22,ENA,0.17980225345342113,1430832620.0598028
2026-01-22,ETH,2984.174965536145,360173623557.21564
2026-01-22,HYPE,21.62143090822054,5154231638.436791
2026-01-22,LINK,12.846517554094586,9096618700.473011
2026-01-22,ONDO,0.4208248054212292,2049135122.055403
2026-01-22,SYRUP,0.33825329909851615,364027245.04681426
2026-01-22,XMR,516.328029946454,9524571026.504877
2026-01-23,AAVE,159.88917800046397,2427625803.3231287
2026-01-23,BNB,887.4878725035992,121018450061.46533
2026-01-23,BTC,89483.65163014928,1787836917555.1865
2026-01-23,CC,0.1426043367905456,5348296681.246545
2026-01-23,ENA,0.17517520875188863,1394011465.8958888
2026-01-23,ETH,2951.3870755868147,356216160217.3739
2026-01-23,HYPE,21.565750597528094,5140958269.979949
2026-01-23,LINK,12.967907931942168,9182575223.440113
2026-01-23,ONDO,0.4494635795431684,2188586782.579872
2026-01-23,SYRUP,0.33284121507521247,358202775.50811124
2026-01-23,XMR,506.866303731323,9350032984.518848
2026-01-24,AAVE,159.7379036942935,2425335396.272864
2026-01-24,BNB,890.2668410148842,121397288702.6333
2026-01-24,BTC,89524.84864062016,1788698866227.4563
2026-01-24,CC,0.1548364090366343,5809005175.96285
2026-01-24,ENA,0.17547446696512817,1396392906.645934
2026-01-24,ETH,2955.1225550231966,356666947300.5546
2026-01-24,HYPE,22.70845594282273,5413362444.760497
2026-01-24,LINK,13.031740484238725,9227775051.835218
2026-01-24,ONDO,0.34914647260181986,1700109619.3319871
2026-01-24,SYRUP,0.32826693124052697,353279944.1659171
2026-01-24,XMR,502.1231977699553,9262538122.735012
2026-01-25,AAVE,162.10477524978316,2461347032.488829
2026-01-25,BNB,885.2762159944691,120716692799.79242
2026-01-25,BTC,89149.95970929884,1781238125881.8794
2026-01-25,CC,0.15524777384551092,5826380443.28402
2026-01-25,ENA,0.17418463392731362,1386128657.1747005
2026-01-25,ETH,2950.844309906184,356150528554.6088
2026-01-25,HYPE,23.369411704246655,5570924592.77924
2026-01-25,LINK,13.444555015569946,9520089009.273254
2026-01-25,ONDO,0.34630459088728527,1686271557.6042552
2026-01-25,SYRUP,0.33464509618333466,360144107.26136184
2026-01-25,XMR,491.4456954970547,9065572970.960363
2026-01-26,AAVE,150.8478424144644,2290705138.289545
2026-01-26,BNB,864.0849113740555,117826994789.38173
2026-01-26,BTC,86625.33128140382,1730823322190.6162
2026-01-26,CC,0.14310797357203453,5372519479.441001
2026-01-26,ENA,0.1631129233356953,1298022060.2323377
2026-01-26,ETH,2812.935403888694,339505649535.07916
2026-01-26,HYPE,22.277492976773352,5310627201.934273
2026-01-26,LINK,12.101192208074524,8568853844.978642
2026-01-26,ONDO,0.3244774002518324,1579987749.305133
2026-01-26,SYRUP,0.31135497745726604,335079347.27451336
2026-01-26,XMR,444.0711706784754,8191667236.018429
2026-01-27,AAVE,156.91256095570253,2382816702.3135777
2026-01-27,BNB,877.9915843883608,119723267927.78127
2026-01-27,BTC,88249.90141827049,1763317661992.5044
2026-01-27,CC,0.1557930218698993,5850323986.436094
2026-01-27,ENA,0.1690522700959929,1345286268.1232686
2026-01-27,ETH,2925.763833023022,353123365404.17914
2026-01-27,HYPE,24.994805873964996,5958394695.477565
2026-01-27,LINK,12.623577716792504,8938755008.266703
2026-01-27,ONDO,0.33384437608210804,1625598651.7852025
2026-01-27,SYRUP,0.3424137967528121,368504760.8704692
2026-01-27,XMR,452.4749768701835,8346690098.081924
2026-01-28,AAVE,161.42877302104517,2451232383.4053593
2026-01-28,BNB,897.3151546620949,122358187175.98041
2026-01-28,BTC,89141.65035979386,1781169624000.1633
2026-01-28,CC,0.155412396412303,5837548881.825693
2026-01-28,ENA,0.17460148606131914,1389445888.2973413
2026-01-28,ETH,3020.015731085415,364498969960.27167
2026-01-28,HYPE,30.78184659338184,7337940225.815228
2026-01-28,LINK,12.733676351543346,9016715848.280645
2026-01-28,ONDO,0.34226810996957274,1666616597.3656068
2026-01-28,SYRUP,0.3452892860979088,373990482.6876748
2026-01-28,XMR,455.08575792382743,8394850508.010983
2026-01-29,AAVE,162.24621579499507,2463650884.332068
2026-01-29,BNB,902.0202232463387,122999722946.27045
2026-01-29,BTC,89212.20824183176,1782608191361.8965
2026-01-29,CC,0.16036346317646843,6024967716.972248
2026-01-29,ENA,0.17292119902866965,1376074479.1453352
2026-01-29,ETH,3011.815000270356,363509125447.9493
2026-01-29,HYPE,34.2792253127399,8171663956.840688
2026-01-29,LINK,12.610727352515772,8929655665.702044
2026-01-29,ONDO,0.3477835146345407,1693472926.3313422
2026-01-29,SYRUP,0.35520035578957043,384730211.22133625
2026-01-29,XMR,459.26934414039187,8472024052.258246
2026-01-30,AAVE,149.90489925692097,2276357186.6663785
2026-01-30,BNB,867.5132721515412,118294291074.83264
2026-01-30,BTC,84630.42066738439,1691092174731.011
2026-01-30,CC,0.18010615087817325,6768249484.854103
2026-01-30,ENA,0.15762395264602164,1254341860.665919
2026-01-30,ETH,2822.633841401332,340675959362.1641
2026-01-30,HYPE,30.739629669727506,7327876331.131278
2026-01-30,LINK,11.63563033769275,8239189498.317456
2026-01-30,ONDO,0.38939220922301077,1896079418.0726423
2026-01-30,SYRUP,0.34827454532273805,377228618.1616663
2026-01-30,XMR,452.2150178321184,8341894700.237089
2026-01-31,AAVE,141.36529284798843,2146921046.1002886
2026-01-31,BNB,857.1019214378521,116874518373.9005
2026-01-31,BTC,84091.63017682909,1680358897717.733
2026-01-31,CC,0.17996075921454036,6767967726.62171
2026-01-31,ENA,0.15377216284806366,1223690039.6643567
2026-01-31,ETH,2702.9166772970834,326226524185.7266
2026-01-31,HYPE,30.575865338312077,7288837319.244793
2026-01-31,LINK,11.202844466997679,7932733836.06598
2026-01-31,ONDO,0.38325740693456345,1866207037.27622
2026-01-31,SYRUP,0.3326354454160973,360289349.62681717
2026-01-31,XMR,453.85632956100085,8372171557.644961
2026-02-01,AAVE,131.40497412766274,1995675156.442294
2026-02-01,BNB,779.6855757145962,106317971659.46808
2026-02-01,BTC,78647.02739790398,1571576493914.8904
2026-02-01,CC,0.1836510322959064,6908524281.68572
2026-02-01,ENA,0.13865438671850835,1103385611.8083797
2026-02-01,ETH,2450.663546893,295780761628.6315
2026-02-01,HYPE,31.011429480587715,7392669414.919465
2026-02-01,LINK,10.301599445998283,7294562263.3257675
2026-02-01,ONDO,0.34916094014500504,1700180066.5834057
2026-02-01,SYRUP,0.30719183379107085,332730463.732769
2026-02-01,XMR,460.2428373291871,8489981831.969452
2026-02-02,AAVE,127.33558313321451,1933875966.0939133
2026-02-02,BNB,758.0226225859311,103363968499.80753
2026-02-02,BTC,76895.58665593083,1536578056063.6562
2026-02-02,CC,0.1757923736317083,6614639043.088297
2026-02-02,ENA,0.13644141560165882,1085775202.5925756
2026-02-02,ETH,2264.345387690806,273292483045.14944
2026-02-02,HYPE,30.628967329892927,7301496054.285587
2026-02-02,LINK,9.917192641310882,7022363816.284845
2026-02-02,ONDO,0.36554907151594146,1779979296.9149685
2026-02-02,SYRUP,0.29524133962410565,319786456.01961327
2026-02-02,XMR,398.20146469511894,7345520509.007149
2026-02-03,AAVE,130.72740053505856,1985440556.6699338
2026-02-03,BNB,772.7669066347585,105374442291.9015
2026-02-03,BTC,78670.58922752787,1572047321850.9954
2026-02-03,CC,0.18823597672050624,7084551103.24253
2026-02-03,ENA,0.14011689803131003,1115024002.6147842
2026-02-03,ETH,2343.45854365222,282840794551.86694
2026-02-03,HYPE,33.252054627234884,7926801548.437744
2026-02-03,LINK,10.179194428304907,7207887273.913839
2026-02-03,ONDO,0.3581013000314044,1743713634.9734595
2026-02-03,SYRUP,0.2982672933474806,323063974.7387378
2026-02-03,XMR,375.9736873193246,6935490388.428479
2026-02-04,AAVE,127.46738627147579,1935963193.031149
2026-02-04,BNB,752.5356483340834,102615663877.05948
2026-02-04,BTC,75628.04173330522,1511249141910.282
2026-02-04,CC,0.1803380953344764,6788939204.771287
2026-02-04,ENA,0.13687533256186774,1089228232.402488
2026-02-04,ETH,2226.41311845928,268713942139.8216
2026-02-04,HYPE,32.52273053826868,7752941395.05657
2026-02-04,LINK,9.90988750734141,7017191051.1369095
2026-02-04,ONDO,0.3410156927358098,1660518163.746414
2026-02-04,SYRUP,0.30800018759842235,333606020.6571212
2026-02-04,XMR,372.4218947999101,6869971380.819923
2026-02-05,AAVE,125.8490197755699,1911556589.6912513
2026-02-05,BNB,696.0648712344613,94915270331.62201
2026-02-05,BTC,73059.17986713687,1460053444889.3728
2026-02-05,CC,0.1759493082576304,6625037301.42811
2026-02-05,ENA,0.13366653503400963,1099407250.6547291
2026-02-05,ETH,2143.2933986604808,258681747901.23593
2026-02-05,HYPE,35.43271689975024,8446639413.2605915
2026-02-05,LINK,9.764805136896713,6914458228.911829
2026-02-05,ONDO,0.3521213980471143,1714595514.9752996
2026-02-05,SYRUP,0.29908819707963846,323953124.93557096
2026-02-05,XMR,376.57858655166484,6946648809.757843
2026-02-06,AAVE,102.7914306114686,1561360526.7410295
2026-02-06,BNB,606.902857534796,82757114772.34572
2026-02-06,BTC,62778.217566354324,1254617718584.4033
2026-02-06,CC,0.1622807855964331,6114330978.290004
2026-02-06,ENA,0.11939010282449423,981983595.7314651
2026-02-06,ETH,1823.8053314217489,220121462581.44495
2026-02-06,HYPE,33.00745417128386,7868492391.463332
2026-02-06,LINK,8.212594772621104,5815338115.832071
2026-02-06,ONDO,0.27891574560308224,1358132987.9959438
2026-02-06,SYRUP,0.25714250217777573,278520242.348652
2026-02-06,XMR,292.3172394448348,5392301304.372142
2026-02-07,AAVE,115.25429282414986,1750683471.1685743
2026-02-07,BNB,654.5519791800546,89254497167.61903
2026-02-07,BTC,70272.52223140873,1404422427900.4514
2026-02-07,CC,0.17480280110385543,6587550250.942522
2026-02-07,ENA,0.12680637840984332,1042982462.4209614
2026-02-07,ETH,2055.7743792337988,248117411003.78403
2026-02-07,HYPE,32.39648840711919,7722847124.735775
2026-02-07,LINK,9.13441236454067,6468077125.432991
2026-02-07,ONDO,0.2990045412906342,1455951976.498662
2026-02-07,SYRUP,0.28436338488590135,308004154.12753737
2026-02-07,XMR,317.15605523742835,5850496582.392131
2026-02-08,AAVE,117.06540101157833,1778215739.0156145
2026-02-08,BNB,646.8126106841095,88199132864.58875
2026-02-08,BTC,69245.78200906444,1383938789934.4868
2026-02-08,CC,0.1679619023364941,6331318687.468006
2026-02-08,ENA,0.12607074491520265,1036931876.9275417
2026-02-08,ETH,2087.9866273523585,252004649364.45456
2026-02-08,HYPE,31.476445301489726,7503522358.308865
2026-02-08,LINK,9.391481104934801,6650107492.910358
2026-02-08,ONDO,0.3396783462607311,1654006181.569656
2026-02-08,SYRUP,0.28299673158378136,306523883.0494801
2026-02-08,XMR,324.0402902663201,5977488304.113363
2026-02-09,AAVE,116.60858280024297,1771282330.5484388
2026-02-09,BNB,640.1059423190089,87284592895.88068
2026-02-09,BTC,70398.0850329669,1407004286702.8896
2026-02-09,CC,0.16935751407843022,6385408017.403466
2026-02-09,ENA,0.1202657454061599,989185755.9656652
2026-02-09,ETH,2092.4274588224594,252540566503.86624
2026-02-09,HYPE,32.478944414240246,7742503426.045644
2026-02-09,LINK,9.776742952964934,6922911396.117004
2026-02-09,ONDO,0.2596977610220546,1264554266.7019725
2026-02-09,SYRUP,0.28459215757555334,308251946.0111233
2026-02-09,XMR,316.4076722738674,5836691353.3941965
2026-02-10,AAVE,112.793442637272,1789296267.282411
2026-02-10,BNB,636.956462489727,86855103282.7339
2026-02-10,BTC,70175.14749173766,1402584286978.939
2026-02-10,CC,0.16522510190675457,6230961761.934255
2026-02-10,ENA,0.12060688820030528,991991655.447511
2026-02-10,ETH,2106.7856442624457,254273467471.43976
2026-02-10,HYPE,31.353834775871015,7474293809.419957
2026-02-10,LINK,8.84591504122659,6263792179.31864
2026-02-10,ONDO,0.25125441004428073,1223440799.0225208
2026-02-10,SYRUP,0.2817785236839879,342678512.37505376
2026-02-10,XMR,334.32910441657,6167283425.564984
2026-02-11,AAVE,109.43585433926464,1736033240.0334275
2026-02-11,BNB,619.3542473218653,84454691444.4686
2026-02-11,BTC,68841.8723764457,1376158047090.4307
2026-02-11,CC,0.16983928498827913,6414130811.287747
2026-02-11,ENA,0.11497709915932136,945686640.5854182
2026-02-11,ETH,2021.4415907712967,243972737071.38898
2026-02-11,HYPE,28.84297649273566,6875742064.278663
2026-02-11,LINK,8.572776178730829,6070382558.855938
2026-02-11,ONDO,0.24852164205279256,1210134048.090427
2026-02-11,SYRUP,0.27332932999162873,332403218.54707754
2026-02-11,XMR,346.27970826027206,6387733156.196046
2026-02-12,AAVE,110.81045710185576,1683250594.074499
2026-02-12,BNB,608.4290107913192,82965046553.24927
2026-02-12,BTC,67090.5793396472,1340996637525.7053
2026-02-12,CC,0.16240937091275173,6127576519.092368
2026-02-12,ENA,0.11187343410045189,920158995.4762168
2026-02-12,ETH,1944.681900647583,234708656146.40756
2026-02-12,HYPE,29.447503418388933,7019852406.453293
2026-02-12,LINK,9.032979647627535,6396252621.583874
2026-02-12,ONDO,0.2436632052750226,1186476712.9919198
2026-02-12,SYRUP,0.271843693927076,294455864.70664537
2026-02-12,XMR,338.9344506815817,6252237069.48647
2026-02-13,AAVE,117.4094549809234,1783502999.3770545
2026-02-13,BNB,613.9633538815037,83719681016.16402
2026-02-13,BTC,66258.52954947444,1324400733134.6533
2026-02-13,CC,0.16414217392509564,6194589570.837974
2026-02-13,ENA,0.11895447194776561,978400531.7703722
2026-02-13,ETH,1947.8399217972387,235089752119.26395
2026-02-13,HYPE,31.150896286087807,7425916253.413719
2026-02-13,LINK,9.375457706902553,6638761325.237174
2026-02-13,ONDO,0.25346819569186063,1234220453.3221703
2026-02-13,SYRUP,0.2733929207558096,296133957.4329893
2026-02-13,XMR,332.58023269731694,6135022436.542175
2026-02-14,AAVE,122.11164668416421,1855006127.2017717
2026-02-14,BNB,618.9261438677029,84396369832.32977
2026-02-14,BTC,68837.58112429692,1375985529045.6062
2026-02-14,CC,0.15780015507105202,5956456731.332188
2026-02-14,ENA,0.12102036015610917,995392462.283998
2026-02-14,ETH,2048.3187877857945,247216688708.74347
2026-02-14,HYPE,31.612544722001953,7535966461.668848
2026-02-14,LINK,9.725007741882992,6886277694.678523
2026-02-14,ONDO,0.26608397949250184,1295650876.0185587
2026-02-14,SYRUP,0.28215021411679403,305619689.29546964
2026-02-14,XMR,347.0137324291319,6401273512.18292
2026-02-15,AAVE,131.33599956973148,1995158524.403787
2026-02-15,BNB,632.4556787932836,86241223147.08585
2026-02-15,BTC,69799.5509626349,1395251772208.4526
2026-02-15,CC,0.16599566683338518,6267203979.544815
2026-02-15,ENA,0.1285006261605203,1056917650.1702795
2026-02-15,ETH,2085.705591574723,251728954564.07672
2026-02-15,HYPE,31.879088218776065,7599506517.362866
2026-02-15,LINK,9.961966890946597,7054068461.128932
2026-02-15,ONDO,0.295930301856309,1440982488.2048862
2026-02-15,SYRUP,0.2890849922638065,313131307.70503664
2026-02-15,XMR,351.93480061237574,6492051197.528495
2026-02-16,AAVE,128.30926810623674,1949199705.7744565
2026-02-16,BNB,614.2795141777232,83762709034.77107
2026-02-16,BTC,68778.84298479716,1374891409746.7566
2026-02-16,CC,0.16178270572969713,6109505958.871122
2026-02-16,ENA,0.12166068851975512,1000659163.0749859
2026-02-16,ETH,1967.5499217442239,237468436096.25647
2026-02-16,HYPE,30.752583550060486,7330964345.9872875
2026-02-16,LINK,9.586866756643234,6788460067.111959
2026-02-16,ONDO,0.27861594119342104,1356673141.1958747
2026-02-16,SYRUP,0.26927248417212546,291670779.71608007
2026-02-16,XMR,326.87077116327015,6029701460.824924
2026-02-17,AAVE,129.5044582575604,1967397525.7708418
2026-02-17,BNB,626.8656793568996,85478915620.98143
2026-02-17,BTC,68859.77618747062,1376546726938.174
2026-02-17,CC,0.15979682917744054,6035774515.944949
2026-02-17,ENA,0.12315496191730542,1012949561.769837
2026-02-17,ETH,1998.1759871140314,241164754377.35757
2026-02-17,HYPE,31.280745838674928,7456870480.033704
2026-02-17,LINK,10.030106822369428,7102318344.55608
2026-02-17,ONDO,0.28080962178994795,1367354897.3542726
2026-02-17,SYRUP,0.2558412560975534,277122331.6000417
2026-02-17,XMR,322.9100187392767,5956638474.520193
2026-02-18,AAVE,130.53018466520624,1982999922.9883003
2026-02-18,BNB,618.1700830481263,84293171621.22421
2026-02-18,BTC,67559.29573331702,1350583353307.6948
2026-02-18,CC,0.1658231479724835,6264502542.248203
2026-02-18,ENA,0.12050484293600361,991152333.1486297
2026-02-18,ETH,1994.3527116895793,240703295934.6862
2026-02-18,HYPE,29.58275553460008,7052094524.909753
2026-02-18,LINK,9.997558025779144,7079270542.652232
2026-02-18,ONDO,0.2776228568655976,1351837485.2433488
2026-02-18,SYRUP,0.24972599316412322,270498396.3195907
2026-02-18,XMR,323.98141331297967,5976402216.0232525
2026-02-19,AAVE,126.02208226666075,1914515693.4063609
2026-02-19,BNB,604.1150841007902,82376624203.08295
2026-02-19,BTC,66426.61953458567,1327971882876.0806
2026-02-19,CC,0.16563360174792285,6258669726.721039
2026-02-19,ENA,0.11496977617566392,945626409.0448358
2026-02-19,ETH,1954.6531149212074,235911822601.9092
2026-02-19,HYPE,28.686749208231664,6838499773.701509
2026-02-19,LINK,9.796994750458978,6937251693.324149
2026-02-19,ONDO,0.2674047364090542,1302082078.1495645
2026-02-19,SYRUP,0.2406215480571253,260636636.35772663
2026-02-19,XMR,326.031850735084,6014226110.387968
2026-02-20,AAVE,128.98654816671112,1959309468.7723844
2026-02-20,BNB,607.1260844479245,82787180711.0922
2026-02-20,BTC,66976.02936410521,1338989802249.3938
2026-02-20,CC,0.1591822790649858,6016157616.2801285
2026-02-20,ENA,0.1109412712986947,912491956.4317639
2026-02-20,ETH,1949.6068369097477,235302740757.12222
2026-02-20,HYPE,29.07715346548553,6931566415.916814
2026-02-20,LINK,9.781476061281642,6926262909.976214
2026-02-20,ONDO,0.2645730257284888,1288293542.54925
2026-02-20,SYRUP,0.23563326039914376,255233419.03634024
2026-02-20,XMR,334.3951501577134,6168501754.449015
2026-02-21,AAVE,118.30250916599464,1797031620.214347
2026-02-21,BNB,626.5273546048493,85432701130.6918
2026-02-21,BTC,68002.9401106256,1359548508149.9219
2026-02-21,CC,0.15853516820325403,5992714363.340487
2026-02-21,ENA,0.1114048229772706,916304668.9880507
2026-02-21,ETH,1967.928380323993,237513976263.95554
2026-02-21,HYPE,30.406510571825404,7248465629.727528
2026-02-21,LINK,9.753755232694981,6906633792.073079
2026-02-21,ONDO,0.26964274734447596,1312979693.3857346
2026-02-21,SYRUP,0.23488709004452432,254425181.64884037
2026-02-21,XMR,322.08365309178737,5941394718.909652
2026-02-22,AAVE,125.401184077472,1904883752.237179
2026-02-22,BNB,625.7245510280627,85323211634.65215
2026-02-22,BTC,68026.03124326779,1360035939392.7476
2026-02-22,CC,0.15989247995789688,6045081868.209113
2026-02-22,ENA,0.10795163026404271,887902158.9217513
2026-02-22,ETH,1986.9516807466036,239809912412.23102
2026-02-22,HYPE,29.880547685570573,7123083800.907517
2026-02-22,LINK,10.089127041156516,7144110559.735322
2026-02-22,ONDO,0.2698993804445402,1314229324.804912
2026-02-22,SYRUP,0.24020240322654915,260182626.7327775
2026-02-22,XMR,321.9338147985962,5938630690.2627125
2026-02-23,AAVE,118.57551802067194,1801240762.5461092
2026-02-23,BNB,589.4687730267202,80379391508.14941
2026-02-23,BTC,65192.18870120006,1303412071350.4219
2026-02-23,CC,0.16001460736030546,6050679135.71199
2026-02-23,ENA,0.09644213055696363,793236523.8310258
2026-02-23,ETH,1886.450366591152,227680153598.7431
2026-02-23,HYPE,28.11385689331791,6701930658.2030945
2026-02-23,LINK,9.50308598022103,6729134901.802902
2026-02-23,ONDO,0.2528061813738301,1230996886.7146316
2026-02-23,SYRUP,0.22214017142589923,240617964.38376242
2026-02-23,XMR,309.61826100530465,5711448821.31186
2026-02-24,AAVE,118.15876560337655,1794915250.8505342
2026-02-24,BNB,596.6626313609953,81360316324.91045
2026-02-24,BTC,64737.90196985264,1294359253920.9185
2026-02-24,CC,0.16230573371212753,6138356471.697487
2026-02-24,ENA,0.09890846737847554,813522144.1879613
2026-02-24,ETH,1859.2199106790974,224393629610.997
2026-02-24,HYPE,26.455700169247617,6306650443.634114
2026-02-24,LINK,9.129069064660849,6464293534.94597
2026-02-24,ONDO,0.25116461820288977,1223003572.8573852
2026-02-24,SYRUP,0.21573374688148092,233678648.44211468
2026-02-24,XMR,306.1984937467293,5648365249.90127
2026-02-25,AAVE,118.54650477777221,1800810026.398779
2026-02-25,BNB,583.7319890941815,79597079450.65787
2026-02-25,BTC,64073.54894566756,1281109347803.1018
2026-02-25,CC,0.1600122148198967,6052301543.878775
2026-02-25,ENA,0.0979810569234072,805894193.1950241
2026-02-25,ETH,1852.0821618898767,223532130167.85715
2026-02-25,HYPE,27.20568538330823,6485435905.848887
2026-02-25,LINK,9.189328046081526,6506962917.909454
2026-02-25,ONDO,0.2485473365144365,1210259162.919968
2026-02-25,SYRUP,0.21695591599605807,235002478.53819597
2026-02-25,XMR,318.5645348032854,5876478444.476545
2026-02-26,AAVE,121.60151782539974,1847235842.7564864
2026-02-26,BNB,629.0621013497806,85778220480.81999
2026-02-26,BTC,67850.10521282951,1356652404814.3232
2026-02-26,CC,0.16903565557715183,6394139828.434648
2026-02-26,ENA,0.10932728948549209,899216956.0181724
2026-02-26,ETH,2053.097732531376,247793130804.5807
2026-02-26,HYPE,27.911918936312162,6653791614.519146
2026-02-26,LINK,9.73337188077078,6892200341.177828
2026-02-26,ONDO,0.2761755904353395,1344790266.4601188
2026-02-26,SYRUP,0.23345889314368648,252878186.2143229
2026-02-26,XMR,334.2433235274926,6165701047.457758
2026-02-27,AAVE,118.07819032278736,1793764589.1294115
2026-02-27,BNB,625.592704500723,85305137319.05367
2026-02-27,BTC,67496.84163950248,1349617910213.303
2026-02-27,CC,0.1724557591546109,6524474115.832516
2026-02-27,ENA,0.10527196566509466,865861917.5954036
2026-02-27,ETH,2027.5050759088144,244704231364.1244
2026-02-27,HYPE,28.202725646761362,6723115664.071162
2026-02-27,LINK,9.809686069088833,6946238415.670954
2026-02-27,ONDO,0.26768144744474065,1303429475.6759956
2026-02-27,SYRUP,0.2442598321891246,264577555.80544317
2026-02-27,XMR,333.7335675863293,6156297710.071066
2026-02-28,AAVE,116.66122839557976,1772281992.1459086
2026-02-28,BNB,613.2764301657836,83625651111.68144
2026-02-28,BTC,65891.22197698704,1317542293327.2354
2026-02-28,CC,0.17068456097603005,6458438883.898575
2026-02-28,ENA,0.1027638135408836,845232366.3737676
2026-02-28,ETH,1931.1188526606693,233071113277.70514
2026-02-28,HYPE,27.401709849128153,6532165260.068111
2026-02-28,LINK,9.624376404744034,6815020647.823822
2026-02-28,ONDO,0.2590305494948295,1261305393.1644237
2026-02-28,SYRUP,0.23857609000033347,258421035.50220197
2026-02-28,XMR,334.78859830396095,6175759591.709119
2026-03-01,AAVE,117.00205673898932,1777472769.780034
2026-03-01,BNB,617.7144379235691,84230812618.18704
2026-03-01,BTC,67017.07604771722,1340085381689.69
2026-03-01,CC,0.16855632071357543,6391297506.712553
2026-03-01,ENA,0.10447081191926201,859272428.03593
2026-03-01,ETH,1966.7219163588757,237368088451.83548
2026-03-01,HYPE,31.275495033942068,7455618765.288447
2026-03-01,LINK,9.474068260953464,6708587455.646937
2026-03-01,ONDO,0.263878009756881,1284909279.978546
2026-03-01,SYRUP,0.2329520921554619,252329229.1240698
2026-03-01,XMR,333.72436703862246,6156127989.92218
2026-03-02,AAVE,116.13224149381618,1764274406.917217
2026-03-02,BNB,618.6936980211282,84364279707.19603
2026-03-02,BTC,65824.42166938317,1316266670911.0593
2026-03-02,CC,0.16177272502698908,6134798646.294265
2026-03-02,ENA,0.10369285756916394,852873753.5063734
2026-03-02,ETH,1939.7957193912328,234118271380.97858
2026-03-02,HYPE,31.616638324511914,7536942316.396576
2026-03-02,LINK,9.427351178496064,6675507090.93922
2026-03-02,ONDO,0.2539940690105157,1236781104.389137
2026-03-02,SYRUP,0.23546141733666232,255047281.93370658
2026-03-02,XMR,336.6338019999634,6209797592.05314
2026-03-03,AAVE,124.26389177765238,1887825764.3523014
2026-03-03,BNB,637.4293523214789,86919049514.85316
2026-03-03,BTC,68815.9363388441,1376116545555.9185
2026-03-03,CC,0.15933712548700038,6043098809.82902
2026-03-03,ENA,0.11399360907836567,937597434.6695577
2026-03-03,ETH,2028.799011354667,244860251697.49725
2026-03-03,HYPE,32.865506666584,7834654190.706553
2026-03-03,LINK,9.641917109115102,6827441220.070694
2026-03-03,ONDO,0.25944792710413833,1263337742.7488027
2026-03-03,SYRUP,0.24347447980900774,263726877.2009626
2026-03-03,XMR,338.23209610684495,6239280914.397302
2026-03-04,AAVE,113.51692113309574,1723116698.1822581
2026-03-04,BNB,633.3422696816933,86361680022.16042
2026-03-04,BTC,68287.46303403362,1365575947099.492
2026-03-04,CC,0.15747997017982093,5974314382.596354
2026-03-04,ENA,0.11124990295456079,915030451.8012625
2026-03-04,ETH,1982.9514132768732,239326733114.5177
2026-03-04,HYPE,31.33125294454877,7468910632.425368
2026-03-04,LINK,9.648755030631758,6832283152.094595
2026-03-04,ONDO,0.257485193828678,1253780545.458717
2026-03-04,SYRUP,0.23678192812695742,256477633.84290007
2026-03-04,XMR,337.8139867574729,6231568158.23461
2026-03-05,AAVE,118.58257760816389,1800322471.0512748
2026-03-05,BNB,658.3186569482641,89767425806.83577
2026-03-05,BTC,72752.30156666112,1454892523976.9167
2026-03-05,CC,0.15526623670011497,5891526958.719937
2026-03-05,ENA,0.11746528729250062,997537244.4292827
2026-03-05,ETH,2127.5791778087923,256782106158.73483
2026-03-05,HYPE,32.22211553914478,7681279193.509865
2026-03-05,LINK,9.874329434595117,6992012380.875909
2026-03-05,ONDO,0.27009672323002737,1315190252.0782492
2026-03-05,SYRUP,0.25132712547457614,272232712.0661632
2026-03-05,XMR,345.9567108634611,6381774905.8806
2026-03-06,AAVE,120.16340316869784,1824351874.0702074
2026-03-06,BNB,648.0603619606361,88368550732.39462
2026-03-06,BTC,70868.21819643723,1417251399988.9395
2026-03-06,CC,0.1530825296711403,5809724665.998282
2026-03-06,ENA,0.11512048729206154,977624763.1755538
2026-03-06,ETH,2073.3589471780524,250238063998.13748
2026-03-06,HYPE,30.59682540575468,7293833891.5445175
2026-03-06,LINK,9.864320211680644,6984924850.425918
2026-03-06,ONDO,0.2663736909485783,1297061576.890419
2026-03-06,SYRUP,0.24591876733319926,266374482.47048396
2026-03-06,XMR,358.0898674030254,6605592139.372197
2026-03-07,AAVE,115.28095599432694,1750239426.299417
2026-03-07,BNB,626.851298987526,85476485783.8297
2026-03-07,BTC,68142.88312387785,1362780115876.562
2026-03-07,CC,0.15381021426517935,5838208544.603553
2026-03-07,ENA,0.1048278970165676,890218156.6953826
2026-03-07,ETH,1979.0781325827184,238859068440.4086
2026-03-07,HYPE,31.07343729105623,7407451166.409626
2026-03-07,LINK,9.717849239926606,6881208759.654721
2026-03-07,ONDO,0.2573659975457199,1253200139.3451009
2026-03-07,SYRUP,0.23525475630656514,254823430.677717
2026-03-07,XMR,348.29316819964936,6424874936.400406
2026-03-08,AAVE,116.50882226375073,1768887266.3021538
2026-03-08,BNB,620.9074419975918,84665972131.04056
2026-03-08,BTC,67339.67440056572,1346745070785.4204
2026-03-08,CC,0.1526266532763881,5797811616.20665
2026-03-08,ENA,0.10092238528137978,857051818.7567173
2026-03-08,ETH,1984.4479694207268,239507117386.64005
2026-03-08,HYPE,30.386754456584125,7243756061.953709
2026-03-08,LINK,10.158588393106918,7193296140.998998
2026-03-08,ONDO,0.2517275190122237,1225744523.019496
2026-03-08,SYRUP,0.23079966495808046,249997761.35129496
2026-03-08,XMR,339.4575980743895,6261887435.554423
2026-03-09,AAVE,110.70998566600242,1680867884.426374
2026-03-09,BNB,611.9485195167236,83444328420.48528
2026-03-09,BTC,66042.7510790264,1320834944584.2002
2026-03-09,CC,0.1499628906140916,5697298349.357834
2026-03-09,ENA,0.0989036717214609,839908524.6970937
2026-03-09,ETH,1939.3917593920498,234069173421.49823
2026-03-09,HYPE,30.801297512730635,7342577039.369789
2026-03-09,LINK,9.532563240590926,6750007748.999848
2026-03-09,ONDO,0.24634290592638808,1199525061.4983995
2026-03-09,SYRUP,0.227500585829125,246424262.24370548
2026-03-09,XMR,329.98591682394203,6087165755.579665
2026-03-10,AAVE,110.74123921700159,1681346738.8270347
2026-03-10,BNB,634.8747637490042,86570483672.59088
2026-03-10,BTC,68430.60926017091,1368620260015.3108
2026-03-10,CC,0.14462728644886857,5495647309.645831
2026-03-10,ENA,0.10098899417385554,857617473.9607888
2026-03-10,ETH,1992.982026905004,240537076146.7661
2026-03-10,HYPE,34.659890095942565,8262408851.45707
2026-03-10,LINK,9.619623793993396,6811655324.291723
2026-03-10,ONDO,0.25276005629287857,1230772288.4443588
2026-03-10,SYRUP,0.23086168434397542,250064939.5581478
2026-03-10,XMR,337.02417602435827,6216998721.774176
2026-03-11,AAVE,115.6031717700389,1755172379.8636522
2026-03-11,BNB,641.8894106102791,87526951848.53764
2026-03-11,BTC,69849.2035305081,1397023116314.9353
2026-03-11,CC,0.1487320427472382,5652647827.240899
2026-03-11,ENA,0.10293116890826202,874110785.9631314
2026-03-11,ETH,2035.1741536034772,245629288936.0344
2026-03-11,HYPE,34.690277206713084,8269652692.459034
2026-03-11,LINK,9.780516437777301,6925583400.601145
2026-03-11,ONDO,0.2565972604886187,1249456904.433473
2026-03-11,SYRUP,0.23356443778264166,252992510.13878012
2026-03-11,XMR,341.6865858984307,6303005003.487926
2026-03-12,AAVE,110.42087084009539,1745581117.8903484
2026-03-12,BNB,651.4124269513053,88825448998.08427
2026-03-12,BTC,70028.95987601393,1400647685843.0374
2026-03-12,CC,0.15342359288154978,5831902806.450402
2026-03-12,ENA,0.10495255555280796,891276780.3586113
2026-03-12,ETH,2051.9341141166024,247652035655.06946
2026-03-12,HYPE,36.25029993116018,8641539202.522009
2026-03-12,LINK,9.00640880518248,6377437808.83363
2026-03-12,ONDO,0.25573850954676597,1245275362.1541696
2026-03-12,SYRUP,0.23200073411672495,282142391.11494565
2026-03-12,XMR,352.9340416937596,6510483942.024719
2026-03-13,AAVE,115.96504461593548,1760692796.3558455
2026-03-13,BNB,650.696970577604,88727849245.19775
2026-03-13,BTC,70417.19388567522,1408442180116.169
2026-03-13,CC,0.14704465698108374,5590863855.151311
2026-03-13,ENA,0.10629984940232284,902718252.3462886
2026-03-13,ETH,2071.9197307868703,250064089421.84503
2026-03-13,HYPE,37.250684677311405,8880016236.308958
2026-03-13,LINK,9.89390792776629,7005875911.311922
2026-03-13,ONDO,0.26095261173298895,1270664549.7261348
2026-03-13,SYRUP,0.2491811315765865,269908212.7196481
2026-03-13,XMR,340.8073456217119,6286785883.123997
2026-03-14,AAVE,114.99713670809888,1746003368.7877052
2026-03-14,BNB,655.2115423507036,89343406634.72644
2026-03-14,BTC,70838.93230193328,1416903889270.9753
2026-03-14,CC,0.1523773600333657,5794959598.444845
2026-03-14,ENA,0.10838469532606619,920423154.8393277
2026-03-14,ETH,2090.073006429967,252254994382.1135
2026-03-14,HYPE,36.47424197164131,8694923696.597506
2026-03-14,LINK,9.632538594069526,6820800293.844032
2026-03-14,ONDO,0.2636387501300643,1283744245.7450974
2026-03-14,SYRUP,0.25789635059780636,279348370.4659209
2026-03-14,XMR,352.3556908109881,6499815251.305429
2026-03-15,AAVE,116.77302666842905,1772967730.6299329
2026-03-15,BNB,657.349799131319,89634946046.07051
2026-03-15,BTC,71149.2823885419,1423139472519.362
2026-03-15,CC,0.15122235847609805,5752519657.126824
2026-03-15,ENA,0.1078447174606838,915837561.5606507
2026-03-15,ETH,2107.1131900776604,254311529453.15802
2026-03-15,HYPE,37.847041163934136,9022178865.79382
2026-03-15,LINK,10.283531409251957,7281768287.039557
2026-03-15,ONDO,0.26492405155039295,1290002803.3417363
2026-03-15,SYRUP,0.2668598424709102,289057452.59380656
2026-03-15,XMR,351.47421654541074,6483554921.120763
2026-03-16,AAVE,119.67680999630868,1817065516.169666
2026-03-16,BNB,675.751059049176,92144029264.18231
2026-03-16,BTC,72934.2940718683,1458870696938.544
2026-03-16,CC,0.15076239785600662,5736209009.212477
2026-03-16,ENA,0.11072430377446815,940291548.4597412
2026-03-16,ETH,2182.0726576096104,263358513956.0199
2026-03-16,HYPE,37.46022588464978,8929967783.225729
2026-03-16,LINK,10.247950399384115,7256573375.003465
2026-03-16,ONDO,0.27275555154114584,1328136966.2586894
2026-03-16,SYRUP,0.26840044664963786,290726205.4313824
2026-03-16,XMR,351.05163466866924,6475759661.390325
2026-03-17,AAVE,123.95996777423402,1882130058.3980234
2026-03-17,BNB,678.2088254970625,92479129795.57153
2026-03-17,BTC,74679.37090810013,1493807199550.5852
2026-03-17,CC,0.1546155635082617,5884027449.555588
2026-03-17,ENA,0.11908759913079882,1011314220.7435806
2026-03-17,ETH,2343.5310877349557,282845219015.19055
2026-03-17,HYPE,40.76931981385606,9718807185.061497
2026-03-17,LINK,10.262621056599496,7266961666.944197
2026-03-17,ONDO,0.2891409615591573,1407922945.4230535
2026-03-17,SYRUP,0.2769063090531058,299939592.11292446
2026-03-17,XMR,366.72751414001044,6764928598.128473
2026-03-18,AAVE,122.76481850534844,1863991020.78918
2026-03-18,BNB,668.8976540761711,91209434889.54732
2026-03-18,BTC,74004.69080880683,1480319012450.2678
2026-03-18,CC,0.150505656741146,5728861377.365268
2026-03-18,ENA,0.11690411942170634,992771701.6515218
2026-03-18,ETH,2320.9509267494554,280119875556.8624
2026-03-18,HYPE,41.23912263921796,9830801280.021542
2026-03-18,LINK,10.396906322267066,7362049059.595621
2026-03-18,ONDO,0.2828348723583321,1377216512.0147598
2026-03-18,SYRUP,0.26421752347822575,286195343.443574
2026-03-18,XMR,359.02627889049336,6622865882.429201
2026-03-19,AAVE,118.48671506632517,1799099291.3979857
2026-03-19,BNB,651.6094717730115,88852019134.33742
2026-03-19,BTC,71220.04730260483,1424617668656.0383
2026-03-19,CC,0.14663087180367096,5582170309.226154
2026-03-19,ENA,0.10816224240792038,918534042.9485114
2026-03-19,ETH,2203.1349441544735,265900393517.91376
2026-03-19,HYPE,42.075981014269516,10030296028.167076
2026-03-19,LINK,9.880280446889508,6996226292.50573
2026-03-19,ONDO,0.26794820321112917,1304728397.704535
2026-03-19,SYRUP,0.24676737199750204,267293674.73355114
2026-03-19,XMR,342.6979076376558,6321660596.787591
2026-03-20,AAVE,115.12492953093138,1748065142.9013393
2026-03-20,BNB,639.1519706225815,87153307224.44467
2026-03-20,BTC,69936.19932093748,1398936802273.2832
2026-03-20,CC,0.14400370148996292,5482873230.757446
2026-03-20,ENA,0.10306686545179147,875263146.4538854
2026-03-20,ETH,2139.514195287849,258221821843.73438
2026-03-20,HYPE,39.30421878707396,9369548613.88731
2026-03-20,LINK,9.768550547089037,6917110353.758346
2026-03-20,ONDO,0.25969609922854703,1264546174.8799171
2026-03-20,SYRUP,0.24889788319028477,269601403.51134765
2026-03-20,XMR,336.95569044123874,6215735385.749631
2026-03-21,AAVE,111.49684435132696,1692981364.1797566
2026-03-21,BNB,642.1471370599114,87561687624.9902
2026-03-21,BTC,70526.28915957874,1410740394689.4873
2026-03-21,CC,0.14447833240697,5502104080.068372
2026-03-21,ENA,0.10199529413465146,866163161.9091104
2026-03-21,ETH,2146.578814982091,259074401685.337
2026-03-21,HYPE,39.592622229488626,9438299759.629593
2026-03-21,LINK,9.121815291435645,6459157138.339534
2026-03-21,ONDO,0.2623266974181956,1277355427.2647154
2026-03-21,SYRUP,0.2376348710521898,257401525.2268293
2026-03-21,XMR,348.28059861162,6424643068.426916
2026-03-22,AAVE,107.26450689279407,1628814936.2423956
2026-03-22,BNB,624.6276730266253,85172751874.68732
2026-03-22,BTC,68424.07687771624,1368689752020.2637
2026-03-22,CC,0.14420517224165186,5492677848.127893
2026-03-22,ENA,0.09746007086627705,827649195.559712
2026-03-22,ETH,2066.1561868530966,249368009906.10928
2026-03-22,HYPE,38.8966486934187,9272389888.337841
2026-03-22,LINK,10.002406162281378,7082703507.966214
2026-03-22,ONDO,0.2536351650760789,1235033482.4618552
2026-03-22,SYRUP,0.24912968318034492,269852484.8056243
2026-03-22,XMR,334.57938224670124,6171900236.644739
2026-03-23,AAVE,110.99450349963693,1685458166.6472933
2026-03-23,BNB,626.5373626989152,85433121796.40451
2026-03-23,BTC,67933.42948137881,1358875311053.488
2026-03-23,CC,0.14251538053665508,5429084087.312023
2026-03-23,ENA,0.09578845893016856,813453553.5710409
2026-03-23,ETH,2055.681838744274,248103824426.18518
2026-03-23,HYPE,38.36003654737564,9144469432.358538
2026-03-23,LINK,9.547896095569461,6760864943.156817
2026-03-23,ONDO,0.2486127226768415,1210577549.7644563
2026-03-23,SYRUP,0.24316473164656682,263391363.94444653
2026-03-23,XMR,356.4164999181663,6574723957.637735
2026-03-24,AAVE,113.3470140437723,1721186414.3742094
2026-03-24,BNB,639.19746183984,87159372287.72058
2026-03-24,BTC,70987.25185405998,1419961051288.5916
2026-03-24,CC,0.1447552010683139,5515239461.111186
2026-03-24,ENA,0.09382600723113359,796788045.7831422
2026-03-24,ETH,2152.471302393496,259785198462.48618
2026-03-24,HYPE,37.37342321687258,8909275301.842
2026-03-24,LINK,9.590997561408825,6791385089.844132
2026-03-24,ONDO,0.25584053782763644,1245772171.589073
2026-03-24,SYRUP,0.24126330075394817,261331770.54510084
2026-03-24,XMR,347.6719132367657,6413414805.095569
2026-03-25,AAVE,117.06205814200888,1777613281.8780062
2026-03-25,BNB,638.2973036689143,87036587710.59874
2026-03-25,BTC,70528.86345595501,1410791888450.5967
2026-03-25,CC,0.1408509566629142,5371441364.17196
2026-03-25,ENA,0.0953354591065224,809606594.1311706
2026-03-25,ETH,2156.3938779843224,260258554389.5669
2026-03-25,HYPE,40.338017259936855,9615990989.47364
2026-03-25,LINK,9.955437101911608,7049444717.705896
2026-03-25,ONDO,0.2575203779994072,1253951868.8195379
2026-03-25,SYRUP,0.24414216831649674,264450104.55999085
2026-03-25,XMR,336.3647983196183,6204835350.006927
2026-03-26,AAVE,116.41222948201568,1767752985.6000295
2026-03-26,BNB,647.8097781960232,88333651594.82802
2026-03-26,BTC,71303.58545062262,1426288685822.9785
2026-03-26,CC,0.14286413133295014,5449101469.058735
2026-03-26,ENA,0.10432875954782245,885979387.7225235
2026-03-26,ETH,2172.4163328611644,262192292183.59747
2026-03-26,HYPE,40.324693505861106,9612814802.148598
2026-03-26,LINK,10.132840396086717,7175063985.069478
2026-03-26,ONDO,0.26688744207496845,1299563200.9950812
2026-03-26,SYRUP,0.24393521703081164,264225938.90472683
2026-03-26,XMR,337.64886994856,6228522290.718326
2026-03-27,AAVE,109.735828278528,1666371441.232356
2026-03-27,BNB,628.075063746569,85642648303.92592
2026-03-27,BTC,68727.2122901201,1374753382709.4006
2026-03-27,CC,0.1429736966015341,5454111500.217956
2026-03-27,ENA,0.0967882421348318,821943900.0043919
2026-03-27,ETH,2059.589104363155,248574966495.32648
2026-03-27,HYPE,39.1758132058206,9338938608.829954
2026-03-27,LINK,9.651566537713858,6834273980.176068
2026-03-27,ONDO,0.26977746501924127,1313635678.288162
2026-03-27,SYRUP,0.22887346674078704,247911340.46186396
2026-03-27,XMR,322.37687369381234,5946803684.3123455
2026-03-28,AAVE,98.56857326260312,1496798081.6234553
2026-03-28,BNB,612.6466132872106,83538838893.56694
2026-03-28,BTC,66329.88185741157,1326825214972.8843
2026-03-28,CC,0.14082080443155365,5373271014.027927
2026-03-28,ENA,0.08917613181244527,757300431.876
2026-03-28,ETH,1991.5485477905527,240363008723.19138
2026-03-28,HYPE,38.613923962657914,9204992464.067383
2026-03-28,LINK,8.557401323824237,6059495624.550612
2026-03-28,ONDO,0.27056620022484723,1317476290.7971869
2026-03-28,SYRUP,0.2063285721220963,223491143.90049884
2026-03-28,XMR,326.5163003038694,6023162627.599971
2026-03-29,AAVE,96.88713951343787,1471274565.5399516
2026-03-29,BNB,610.6947039590251,83272658543.65634
2026-03-29,BTC,66388.84446013413,1328338671604.5044
2026-03-29,CC,0.15437786654190494,5892157047.899673
2026-03-29,ENA,0.09058998346714436,769307125.22489
2026-03-29,ETH,2000.0500988359693,241389017276.30966
2026-03-29,HYPE,39.47676494487205,9410681084.23068
2026-03-29,LINK,8.441996231619338,5977777282.170249
2026-03-29,ONDO,0.26885712276038526,1309154227.5213852
2026-03-29,SYRUP,0.20614084113263584,223287797.3007111
2026-03-29,XMR,330.6912564020625,6100176974.262312
2026-03-30,AAVE,95.58712731864807,1451540105.5583203
2026-03-30,BNB,605.7052583106979,82592285883.41792
2026-03-30,BTC,65947.03192607871,1319528951993.3867
2026-03-30,CC,0.1510960942008632,5768329032.063028
2026-03-30,ENA,0.08993499760353253,763744862.4612489
2026-03-30,ETH,1981.7423699353176,239179399783.70428
2026-03-30,HYPE,37.81188423907602,9013797971.153542
2026-03-30,LINK,8.412304837387502,5956752806.79199
2026-03-30,ONDO,0.25821403820004235,1257329529.693095
2026-03-30,SYRUP,0.19975467928875038,216370429.52685234
2026-03-30,XMR,326.99632078198084,6032017442.509832
2026-03-31,AAVE,96.75914776374238,1469360767.2901719
2026-03-31,BNB,608.7288635084197,83004538940.63913
2026-03-31,BTC,66691.27147786925,1334447058898.83
2026-03-31,CC,0.14763483371427513,5637443598.436259
2026-03-31,ENA,0.09107574817947328,773432330.2428708
2026-03-31,ETH,2024.0146470848574,244281249742.8913
2026-03-31,HYPE,36.83132325336033,8780046630.761402
2026-03-31,LINK,8.61869297681251,6102896242.220596
2026-03-31,ONDO,0.2619172347964395,1275361618.3717978
2026-03-31,SYRUP,0.20092430246303727,217490444.74185243
2026-03-31,XMR,321.0642997546883,5922590968.779504
2026-04-01,AAVE,97.99402673531384,1488134140.006
2026-04-01,BNB,616.1538820335377,84016951116.48883
2026-04-01,BTC,68107.47456405059,1362813266728.113
2026-04-01,CC,0.15030270878350083,5740545019.306656
2026-04-01,ENA,0.09080600281050874,771141601.9923671
2026-04-01,ETH,2095.4159934323757,252878775956.88654
2026-04-01,HYPE,36.493804976580485,8699587229.710941
2026-04-01,LINK,8.769638449462454,6209780726.943969
2026-04-01,ONDO,0.27249258509142926,1326856495.6659517
2026-04-01,SYRUP,0.20641351098059627,223432236.6860315
2026-04-01,XMR,334.2116349977422,6165116497.25938
2026-04-02,AAVE,98.17324334769347,1491111365.6572232
2026-04-02,BNB,610.8885121293691,81348022481.94658
2026-04-02,BTC,67959.87524726024,1362985792271.1128
2026-04-02,CC,0.14256352272670367,5446256036.662821
2026-04-02,ENA,0.09017761750457703,765805236.1521503
2026-04-02,ETH,2131.5392771024462,257238202336.49893
2026-04-02,HYPE,36.01941384128155,8586499349.036861
2026-04-02,LINK,8.942634152850808,6689984345.268247
2026-04-02,ONDO,0.27029924502507435,1316176397.6615567
2026-04-02,SYRUP,0.2118267824850821,229291830.635527
2026-04-02,XMR,336.8962158924,6214638273.968303
2026-04-03,AAVE,94.46787218158906,1434836008.284286
2026-04-03,BNB,584.0791598258223,77777996608.79102
2026-04-03,BTC,66887.51063938277,1341478723293.2266
2026-04-03,CC,0.1436415200299354,5488574783.907855
2026-04-03,ENA,0.08127929729899916,690239032.5313444
2026-04-03,ETH,2052.336230233669,247679828435.08362
2026-04-03,HYPE,35.23925806324917,8400521667.397163
2026-04-03,LINK,8.641427836948084,6464651909.249631
2026-04-03,ONDO,0.2581182619896245,1256863163.6564538
2026-04-03,SYRUP,0.20995518310137282,227265918.50169545
2026-04-03,XMR,326.38596913227474,6020758441.832738
2026-04-04,AAVE,94.77207115044138,1439458092.8950372
2026-04-04,BNB,588.4455057822292,78359434304.82437
2026-04-04,BTC,66822.55230312092,1340175935595.4512
2026-04-04,CC,0.1394176551455484,5331326024.207783
2026-04-04,ENA,0.07994937278655653,678945064.2108356
2026-04-04,ETH,2009.4212910268097,242500772185.19867
2026-04-04,HYPE,35.601287110321046,8486824076.16797
2026-04-04,LINK,8.65966883962238,6478298002.810792
2026-04-04,ONDO,0.2598858252577136,1265470013.6482716
2026-04-04,SYRUP,0.20704182123974657,224112350.91822404
2026-04-04,XMR,316.4545685749338,5837556437.457973
2026-04-05,AAVE,94.61175399012659,1437032963.545002
2026-04-05,BNB,594.0994809464715,79112337149.84587
2026-04-05,BTC,67077.1500532805,1345282082641.0298
2026-04-05,CC,0.13947472123579863,5334633070.640002
2026-04-05,ENA,0.0801554382739352,702111542.1307511
2026-04-05,ETH,2052.0685636243165,247647525921.04834
2026-04-05,HYPE,36.395212454602266,8676084220.208448
2026-04-05,LINK,8.697665811844045,6506723536.606054
2026-04-05,ONDO,0.25579436618449897,1245547346.5921214
2026-04-05,SYRUP,0.20894594504273475,226173469.098946
2026-04-05,XMR,324.6543838841456,5988816331.918689
2026-04-06,AAVE,94.87370590016386,1441060757.961314
2026-04-06,BNB,606.5601402071936,80771641539.36177
2026-04-06,BTC,69002.03847938096,1383887150218.5754
2026-04-06,CC,0.14004883276613003,5357539100.239573
2026-04-06,ENA,0.08121686855260399,711409007.9779656
2026-04-06,ETH,2066.1981252768373,249352708217.40182
2026-04-06,HYPE,37.00836790591265,8822251476.198078
2026-04-06,LINK,8.897785506802176,6656433074.485669
2026-04-06,ONDO,0.26061336890041875,1269012664.2047257
2026-04-06,SYRUP,0.2091195496664128,226361387.36642352
2026-04-06,XMR,331.8895678757427,6122281919.337881
2026-04-07,AAVE,93.14233096018086,1412418088.9894726
2026-04-07,BNB,600.6977042884862,79990979340.8672
2026-04-07,BTC,68672.24657456316,1377272928532.069
2026-04-07,CC,0.146005784690273,5586407475.942503
2026-04-07,ENA,0.08186620393682992,717096780.1091696
2026-04-07,ETH,2100.806140265129,253529269098.853
2026-04-07,HYPE,36.29555903702513,8652328308.773413
2026-04-07,LINK,8.806675182056852,6588273443.23829
2026-04-07,ONDO,0.25629752883363716,1247997411.8999956
2026-04-07,SYRUP,0.21731760558109559,235235370.27962008
2026-04-07,XMR,326.3459700307573,6020020588.6438675
2026-04-08,AAVE,96.19146945444957,1458673788.4581985
2026-04-08,BNB,621.1198058377721,82710456860.86366
2026-04-08,BTC,71661.76372427847,1437229916180.8518
2026-04-08,CC,0.14660220189452652,5610207476.728074
2026-04-08,ENA,0.09103309338896295,797393002.4039474
2026-04-08,ETH,2235.8222062960863,269823263999.8347
2026-04-08,HYPE,38.757080328600274,9239118839.5934
2026-04-08,LINK,9.326012926308175,6976789994.353231
2026-04-08,ONDO,0.26959160445149516,1312730661.729567
2026-04-08,SYRUP,0.22501310486007325,243565360.92872712
2026-04-08,XMR,343.846356079435,6342845731.274941
2026-04-09,AAVE,91.75824404659095,1391449795.99449
2026-04-09,BNB,600.8832884605744,80015692369.68272
2026-04-09,BTC,70644.79416156793,1416833835992.307
2026-04-09,CC,0.1410240118005899,5397656044.5698595
2026-04-09,ENA,0.08812541465015523,771923553.9512035
2026-04-09,ETH,2179.7915700795793,263061380561.4504
2026-04-09,HYPE,38.71533822020465,9229168133.894917
2026-04-09,LINK,8.851167563368252,6621558192.381481
2026-04-09,ONDO,0.255967434020465,1246390071.1098008
2026-04-09,SYRUP,0.23822145349733787,257862733.54223958
2026-04-09,XMR,327.29519172036714,6037530638.221314
2026-04-10,AAVE,90.59541342938896,1373827060.0143504
2026-04-10,BNB,603.3083098725318,80338616589.76912
2026-04-10,BTC,71367.80291658688,1431334313769.7168
2026-04-10,CC,0.15243034657447901,5835120623.468218
2026-04-10,ENA,0.0907117945299249,794578625.2105609
2026-04-10,ETH,2177.972586699981,262841862197.574
2026-04-10,HYPE,39.50390126211029,9417149983.78935
2026-04-10,LINK,8.947972434278217,6693977913.446211
2026-04-10,ONDO,0.25490903471101495,1241236374.9155319
2026-04-10,SYRUP,0.23245474912888692,251620566.3060492
2026-04-10,XMR,346.61262796686776,6393874440.820711
2026-04-11,AAVE,93.81034508758242,1422591373.757343
2026-04-11,BNB,605.816672439965,82607104639.67085
2026-04-11,BTC,72920.25491187068,1459433492592.4358
2026-04-11,CC,0.14690989716273578,5624682880.955137
2026-04-11,ENA,0.09429840556421394,825995096.2390364
2026-04-11,ETH,2247.4186221630807,271243406913.34424
2026-04-11,HYPE,41.597495602517355,9916232132.10709
2026-04-11,LINK,9.088439467892385,6608204068.562504
2026-04-11,ONDO,0.25661817075410126,1249558723.4300244
2026-04-11,SYRUP,0.23148845289088987,250574599.26284882
2026-04-11,XMR,344.14323632649536,6348322205.213004
2026-04-12,AAVE,94.64228915166937,1435220561.5851724
2026-04-12,BNB,607.1695837676739,82791553150.14754
2026-04-12,BTC,73021.85968305328,1461495718539.031
2026-04-12,CC,0.1464368151111634,5607511468.641384
2026-04-12,ENA,0.09610413316161802,841812141.4125478
2026-04-12,ETH,2283.0571149299954,275544608218.2303
2026-04-12,HYPE,42.31496529853531,10087266372.279852
2026-04-12,LINK,9.068454346381166,6593672887.30221
2026-04-12,ONDO,0.2564720248350315,1248847090.6273642
2026-04-12,SYRUP,0.23585737227559034,255303734.60572058
2026-04-12,XMR,338.64026896128183,6246810374.580935
2026-04-13,AAVE,89.94853692112257,1364045292.4271731
2026-04-13,BNB,592.0591893811612,80731125363.58281
2026-04-13,BTC,70660.63961180339,1414271995223.8486
2026-04-13,CC,0.14602213870871167,5592532629.849478
2026-04-13,ENA,0.09110336410511685,798008529.9582579
2026-04-13,ETH,2189.221443884993,264219444192.96732
2026-04-13,HYPE,40.865249845809096,9741675496.038113
2026-04-13,LINK,8.733253192225678,6349948138.020162
2026-04-13,ONDO,0.2427684935257279,1182120065.650848
2026-04-13,SYRUP,0.22758845871576253,246353051.8579742
2026-04-13,XMR,335.3775093497225,6186623083.052464
2026-04-14,AAVE,103.85670178665698,1574961283.0003192
2026-04-14,BNB,615.9569577245946,83989665906.47528
2026-04-14,BTC,74481.64142860245,1490782825115.7065
2026-04-14,CC,0.15214999005229085,5828183130.189061
2026-04-14,ENA,0.10093995307952326,884170901.505949
2026-04-14,ETH,2374.0162053338927,286522445815.8492
2026-04-14,HYPE,44.411927880212254,10587151459.856922
2026-04-14,LINK,9.3770323733802,6818039961.61545
2026-04-14,ONDO,0.2577731961978646,1255182924.221406
2026-04-14,SYRUP,0.23373517410252442,253006561.89523992
2026-04-14,XMR,346.5667414765317,6393027984.477041
2026-04-15,AAVE,100.3759105299324,1522192795.2347775
2026-04-15,BNB,614.5789565262527,83801713952.58333
2026-04-15,BTC,74297.34759499803,1487131028728.5823
2026-04-15,CC,0.14994010382466227,5744479211.9648695
2026-04-15,ENA,0.09648751251613756,845170304.9460424
2026-04-15,ETH,2326.445177466492,280780975778.5925
2026-04-15,HYPE,43.59513814620711,10392440781.048006
2026-04-15,LINK,9.032913923175201,6567831446.639288
2026-04-15,ONDO,0.25186589397461207,1226418316.464631
2026-04-15,SYRUP,0.22020869218530206,238364826.01806542
2026-04-15,XMR,344.8083904355029,6360592132.831442
2026-04-16,AAVE,105.72803246869975,1603368079.844495
2026-04-16,BNB,623.2079126106592,84000253815.26216
2026-04-16,BTC,74826.31308825641,1497750345420.939
2026-04-16,CC,0.1501386644287636,5752869135.546144
2026-04-16,ENA,0.09955815309279611,872067197.247211
2026-04-16,ETH,2360.57614677394,284900194124.0837
2026-04-16,HYPE,44.68312026763872,10651799742.817938
2026-04-16,LINK,9.265797067698873,6737160774.1413
2026-04-16,ONDO,0.25906536817614895,1261474936.8364606
2026-04-16,SYRUP,0.22964247678595603,248576423.03865242
2026-04-16,XMR,344.82411799211525,6360882255.043175
2026-04-17,AAVE,115.45585014032136,1750902875.053824
2026-04-17,BNB,636.2837069331584,85762655655.56097
2026-04-17,BTC,75111.95674547968,1503501691790.5283
2026-04-17,CC,0.14820000396364297,5679424977.961088
2026-04-17,ENA,0.11332542076602595,992659857.5224085
2026-04-17,ETH,2348.987492385873,283501489006.51196
2026-04-17,HYPE,43.869238488194966,10457782277.67592
2026-04-17,LINK,9.596463190414335,6977588102.197305
2026-04-17,ONDO,0.26967740576960814,1313148456.7174075
2026-04-17,SYRUP,0.24309552078164112,263138666.0619498
2026-04-17,XMR,343.2292221799792,6331461620.17247
2026-04-18,AAVE,115.00994618859315,1744239060.5646567
2026-04-18,BNB,643.5475193945257,86741684363.06491
2026-04-18,BTC,77125.73357198425,1543846478607.006
2026-04-18,CC,0.15046590899981427,5767117536.6732645
2026-04-18,ENA,0.12527985224044036,1097373205.7186072
2026-04-18,ETH,2421.2905710664027,292227734041.3285
2026-04-18,HYPE,44.62191347940372,10637208943.265999
2026-04-18,LINK,9.620085106901186,6994763596.976922
2026-04-18,ONDO,0.2708355494947915,1318787841.4520736
2026-04-18,SYRUP,0.24564996122619945,265903719.27623564
2026-04-18,XMR,348.4500634827024,6427769143.533257
2026-04-19,AAVE,101.17101878184901,1534577352.1232834
2026-04-19,BNB,630.021234735221,84918483846.60896
2026-04-19,BTC,75716.15083727139,1515666221261.281
2026-04-19,CC,0.14701295467958436,5635874748.585411
2026-04-19,ENA,0.12002525938896763,1051346256.4602383
2026-04-19,ETH,2351.4600244518356,283799477384.54535
2026-04-19,HYPE,43.81014817680186,10443696015.124645
2026-04-19,LINK,9.284879780262658,6751035813.882579
2026-04-19,ONDO,0.2585444616797532,1258938470.8693395
2026-04-19,SYRUP,0.24100955892975026,260880717.34533927
2026-04-19,XMR,349.6131033781395,6449223442.8319
2026-04-20,AAVE,90.33642420501086,1370718318.3989153
2026-04-20,BNB,616.1662853189757,83050989052.90416
2026-04-20,BTC,73841.02173808741,1478167516521.3162
2026-04-20,CC,0.1477263539037414,5664221137.166412
2026-04-20,ENA,0.11256034351935737,985958259.014871
2026-04-20,ETH,2264.1941982589246,273266828288.31577
2026-04-20,HYPE,40.6047511738096,9679576437.80788
2026-04-20,LINK,9.06570044741811,6591670527.447542
2026-04-20,ONDO,0.25071391102185897,1220808930.567969
2026-04-20,SYRUP,0.22619269626679167,244842209.25675878
2026-04-20,XMR,347.08444738535445,6402577972.882542
2026-04-21,AAVE,90.6893630058516,1376165213.0049534
2026-04-21,BNB,629.3909650144932,84833458174.76704
2026-04-21,BTC,75858.03546790924,1518576144441.9805
2026-04-21,CC,0.15871688188610583,6086753871.010979
2026-04-21,ENA,0.11211340207678407,982043331.3163304
2026-04-21,ETH,2314.6386071300276,279354502380.66516
2026-04-21,HYPE,40.71922265933621,9706864759.05288
2026-04-21,LINK,9.2876902270582,6753079289.664575
2026-04-21,ONDO,0.2554592904933411,1243915752.2601016
2026-04-21,SYRUP,0.2284454265218937,247280676.37626365
2026-04-21,XMR,353.3474541640427,6518110056.060912
2026-04-22,AAVE,91.873166978873,1394182130.2008278
2026-04-22,BNB,631.6847455992801,85142592740.2642
2026-04-22,BTC,76326.19170242558,1527978534936.1682
2026-04-22,CC,0.15097357990151702,5791141120.832078
2026-04-22,ENA,0.11197287821771512,980812430.1382984
2026-04-22,ETH,2326.6640126907014,280805083467.57495
2026-04-22,HYPE,39.767158828535145,9479906721.938873
2026-04-22,LINK,9.398875424254951,6833922043.261071
2026-04-22,ONDO,0.258110785791695,1256826759.5767527
2026-04-22,SYRUP,0.2311738080427108,250234012.05101174
2026-04-22,XMR,385.5851051850604,7112789753.983187
2026-04-23,AAVE,94.06575723318498,1427516141.1860688
2026-04-23,BNB,637.8760547523035,85977063720.52052
2026-04-23,BTC,78238.81675008619,1566300505390.8323
2026-04-23,CC,0.15210754454521125,5836025293.273046
2026-04-23,ENA,0.10662010025407016,933925440.6629958
2026-04-23,ETH,2375.7144533633987,286724723305.0389
2026-04-23,HYPE,41.15980233954531,9811892485.3225
2026-04-23,LINK,9.296029673012887,6759142900.571817
2026-04-23,ONDO,0.2611876669671447,1271809111.3815472
2026-04-23,SYRUP,0.2283918387683629,253743336.01086766
2026-04-23,XMR,366.83421142718987,6766896815.6784315
2026-04-24,AAVE,94.3777200695502,1432273074.9283993
2026-04-24,BNB,638.7414549173521,86093675661.85417
2026-04-24,BTC,78275.32582745969,1567060751418.8237
2026-04-24,CC,0.15036525735172826,5770299181.301382
2026-04-24,ENA,0.10987008118929471,962393242.4174783
2026-04-24,ETH,2331.0953087937605,281338314330.68677
2026-04-24,HYPE,41.302825275518494,9845987053.103157
2026-04-24,LINK,9.34967880204603,6798151180.70661
2026-04-24,ONDO,0.2624259002203765,1277838478.5096433
2026-04-24,SYRUP,0.23002755259560678,255560614.0954183
2026-04-24,XMR,379.2639319527646,6996184689.121443
2026-04-25,AAVE,94.38799995086771,1432432381.382387
2026-04-25,BNB,636.277298464707,85761507767.95636
2026-04-25,BTC,77447.61757991764,1550525699949.4888
2026-04-25,CC,0.15221738800440726,5842602495.25346
2026-04-25,ENA,0.10868106571558689,951978210.002469
2026-04-25,ETH,2315.700185661901,279479725464.80133
2026-04-25,HYPE,41.14350746954549,9808008027.58916
2026-04-25,LINK,9.374277004587974,6816036533.048038
2026-04-25,ONDO,0.26244500203030363,1277931491.5381348
2026-04-25,SYRUP,0.23475734846216956,260815417.36818
2026-04-25,XMR,368.20870605650356,6792251766.336069
2026-04-26,AAVE,94.1232272986315,1428417204.389141
2026-04-26,BNB,628.6116559486803,84728259898.37463
2026-04-26,BTC,77634.51592192693,1554301467547.4663
2026-04-26,CC,0.15180761217498034,5827893326.065397
2026-04-26,ENA,0.10742960489265894,941016195.3566345
2026-04-26,ETH,2320.566403725771,280066641519.59357
2026-04-26,HYPE,41.497574008890595,9892412291.439734
2026-04-26,LINK,9.3450964564997,6794819357.39527
2026-04-26,ONDO,0.2612706919543469,1272213387.4961975
2026-04-26,SYRUP,0.2394230467624322,265999008.24390122
2026-04-26,XMR,372.55694261700705,6872462573.339624
2026-04-27,AAVE,96.60549742841738,1466097643.1244705
2026-04-27,BNB,635.9118150455902,85712200065.80408
2026-04-27,BTC,78637.74356150378,1574424193250.3992
2026-04-27,CC,0.15055365896945613,5780863527.36564
2026-04-27,ENA,0.10947366007786888,958920841.2445827
2026-04-27,ETH,2369.1540292624554,285930428396.5808
2026-04-27,HYPE,42.50309124340716,10132112835.0873
2026-04-27,LINK,9.488101833519154,6898798562.800643
2026-04-27,ONDO,0.26718954829197294,1301034256.0561903
2026-04-27,SYRUP,0.25199983501879875,279971820.1695908
2026-04-27,XMR,391.4211860041758,7220446443.246894
2026-04-28,AAVE,97.5926826253245,1481088013.2317433
2026-04-28,BNB,626.9524469922035,84504563089.19081
2026-04-28,BTC,77366.78442217235,1549011607727.6
2026-04-28,CC,0.1479028022172237,5679992414.529961
2026-04-28,ENA,0.10713529149246388,938438193.9168009
2026-04-28,ETH,2303.8842501308045,278052624845.4277
2026-04-28,HYPE,41.64959025718131,9928650732.818678
2026-04-28,LINK,9.323624823990256,6779207334.03209
2026-04-28,ONDO,0.26670781598497284,1298688542.1700647
2026-04-28,SYRUP,0.24473357542380725,271899005.65968144
2026-04-28,XMR,379.98660968860935,7009515740.362339
2026-04-29,AAVE,96.49004962048771,1464355159.6480606
2026-04-29,BNB,624.401752594144,84160742577.56143
2026-04-29,BTC,76331.86443470464,1528322543597.082
2026-04-29,CC,0.14901319991569298,5723670781.170367
2026-04-29,ENA,0.10619239836577846,930179039.4352406
2026-04-29,ETH,2292.7658741534183,276709948788.5879
2026-04-29,HYPE,40.15975321669774,9573495459.20282
2026-04-29,LINK,9.241565917220926,6719542305.344759
2026-04-29,ONDO,0.2645912360245475,1288382214.5019395
2026-04-29,SYRUP,0.24479808329950759,271970673.91047114
2026-04-29,XMR,377.8492799111737,6970088964.956865
2026-04-30,AAVE,93.28657439478684,1415841922.5464683
2026-04-30,BNB,617.1644396854956,83185228771.03731
2026-04-30,BTC,75784.95743624517,1517396428631.6455
2026-04-30,CC,0.1512933174107234,5812288706.125447
2026-04-30,ENA,0.10391009878444338,910187521.5399837
2026-04-30,ETH,2253.620049292702,271984956722.93295
2026-04-30,HYPE,39.95048948285373,9523610057.892673
2026-04-30,LINK,9.111840909839144,6625219256.310534
2026-04-30,ONDO,0.26374736809557203,1284273142.5333588
2026-04-30,SYRUP,0.23840641988958777,264869535.77419764
2026-04-30,XMR,376.1621555520116,6938967013.68288
2026-05-01,AAVE,92.82650504463282,1408926195.3542898
2026-05-01,BNB,615.1315444489046,82911201713.53937
2026-05-01,BTC,76296.7964844269,1527677404068.2952
2026-05-01,CC,0.15027339408029142,5774161396.8518505
2026-05-01,ENA,0.10269892965175123,899578436.9183084
2026-05-01,ETH,2256.9491123703424,272386233737.76852
2026-05-01,HYPE,39.690647295664235,9461667496.00129
2026-05-01,LINK,9.10124166108337,6617512542.853394
2026-05-01,ONDO,0.26286398463780697,1279971656.3894107
2026-05-01,SYRUP,0.23822221446467437,264664883.544587
2026-05-01,XMR,379.4992991068209,7000526446.775677
2026-05-02,AAVE,92.05633560918113,1397240176.9500806
2026-05-02,BNB,615.4081816789101,82948458734.67104
2026-05-02,BTC,78207.76425489692,1565978464498.2485
2026-05-02,CC,0.14970725236182633,5753449322.464196
2026-05-02,ENA,0.10200970804837274,893541286.4362149
2026-05-02,ETH,2295.583440883838,277048393325.80853
2026-05-02,HYPE,41.137284773325376,9806524628.184643
2026-05-02,LINK,9.094446430789157,6612571731.107254
2026-05-02,ONDO,0.2680346472472632,1305149322.298933
2026-05-02,SYRUP,0.24473605911996477,271901765.0461466
2026-05-02,XMR,379.47759162705927,7000126014.452029
2026-05-03,AAVE,93.25203411407958,1415407175.8087652
2026-05-03,BNB,618.0360989955103,83302638929.24602
2026-05-03,BTC,78677.4246327222,1575399064359.2305
2026-05-03,CC,0.14811027250135783,5693270450.061802
2026-05-03,ENA,0.10257899337298354,898527870.0764776
2026-05-03,ETH,2322.287161264127,280270987498.46216
2026-05-03,HYPE,41.259744601390416,9835717252.989618
2026-05-03,LINK,9.173304049094675,6669909103.047139
2026-05-03,ONDO,0.283581816504682,1380853630.0381784
2026-05-03,SYRUP,0.2491150462232459,276766819.7780805
2026-05-03,XMR,383.00164583427966,7065133340.514503
2026-05-04,AAVE,92.35638759905221,1401814542.2294874
2026-05-04,BNB,617.0592341065477,83170933815.41238
2026-05-04,BTC,78512.09246456268,1572088532218.1125
2026-05-04,CC,0.1478918958044046,5685880477.013429
2026-05-04,ENA,0.10045542286281015,879926719.6389276
2026-05-04,ETH,2322.5878639164766,280307153738.07544
2026-05-04,HYPE,41.50565278757201,9894338153.648226
2026-05-04,LINK,9.122322434969947,6632840372.923436
2026-05-04,ONDO,0.28711619044947095,1398063665.4054976
2026-05-04,SYRUP,0.2492891871947047,276960290.3997648
2026-05-04,XMR,391.75232063152566,7226554798.97156
2026-05-05,AAVE,92.25105256208911,1400217898.4831874
2026-05-05,BNB,622.5454199421628,83910357093.9853
2026-05-05,BTC,79825.8751129579,1598395086667.69
2026-05-05,CC,0.14803314363734535,5692352015.08209
2026-05-05,ENA,0.10034067568747022,905731380.3851805
2026-05-05,ETH,2346.1713028945196,283153280392.45935
2026-05-05,HYPE,41.792425667415934,9962700597.2169
2026-05-05,LINK,9.35316461378831,6800685714.321424
2026-05-05,ONDO,0.3154786032758815,1536169631.4040043
2026-05-05,SYRUP,0.25055558808116785,278367261.8020319
2026-05-05,XMR,406.3585535635455,7495992239.749518
2026-05-06,AAVE,93.50505019558086,1419262255.6669388
2026-05-06,BNB,630.5197614089996,84985158130.9203
2026-05-06,BTC,80913.9613749304,1620321738625.5952
2026-05-06,CC,0.1473988201334246,5668896864.0315275
2026-05-06,ENA,0.10965804578630226,989835203.9179189
2026-05-06,ETH,2360.6443662859797,284899717179.8512
2026-05-06,HYPE,43.72390932645901,10423137939.538143
2026-05-06,LINK,9.76586886178479,7100762960.845222
2026-05-06,ONDO,0.3216052651442534,1566002373.803474
2026-05-06,SYRUP,0.25644034011108,284905221.38814944
2026-05-06,XMR,412.01182674810826,7600276723.363913
2026-05-07,AAVE,94.30724203315633,1431552814.9058444
2026-05-07,BNB,647.917102652703,87330040512.90378
2026-05-07,BTC,81436.85936825167,1630826287118.407
2026-05-07,CC,0.14696177552576417,5653033566.47928
2026-05-07,ENA,0.12097898035836957,1092024327.3910954
2026-05-07,ETH,2351.0137484161237,283737319082.1199
2026-05-07,HYPE,43.10926031612621,10276614641.009058
2026-05-07,LINK,9.996350244711056,7268345967.560727
2026-05-07,ONDO,0.3242517563784458,1578889014.6771438
2026-05-07,SYRUP,0.2503316384563274,278118453.76575595
2026-05-07,XMR,414.7942625242572,7651603604.028065
2026-05-08,AAVE,92.43822503433576,1403202379.4083216
2026-05-08,BNB,637.1023815023726,85872337748.2031
2026-05-08,BTC,80024.90767231231,1602589764458.0776
2026-05-08,CC,0.14541671981031412,5594573644.894475
2026-05-08,ENA,0.1197236576484788,1080693078.4925969
2026-05-08,ETH,2291.302591374564,276530674286.61005
2026-05-08,HYPE,42.52052012074771,10136267623.518852
2026-05-08,LINK,9.852846845218018,7164004650.029528
2026-05-08,ONDO,0.3535346945614979,1721477323.0060859
2026-05-08,SYRUP,0.24182420063523252,268666690.22958595
2026-05-08,XMR,399.63461267852796,7371957423.076847
2026-05-09,AAVE,95.83521361583637,1454773046.3456411
2026-05-09,BNB,649.2450974104772,87508971683.05533
2026-05-09,BTC,80197.2669977041,1606077785283.5508
2026-05-09,CC,0.14693616773241835,5654718929.720614
2026-05-09,ENA,0.13162142197890664,1188088991.8314745
2026-05-09,ETH,2307.470372982362,278481484608.0288
2026-05-09,HYPE,43.25208354584788,10310661601.75185
2026-05-09,LINK,10.348018412883096,7524043882.247648
2026-05-09,ONDO,0.45013202417762144,2191841660.524237
2026-05-09,SYRUP,0.25412260507131745,282330217.7271163
2026-05-09,XMR,399.73683182866,7373843033.578766
2026-05-10,AAVE,95.75261036516471,1424650459.9956946
2026-05-10,BNB,649.7616812355201,87578574974.96397
2026-05-10,BTC,80677.64981723971,1615741619629.0364
2026-05-10,CC,0.15692719879695113,6040282436.174325
2026-05-10,ENA,0.13003934474271908,1173808272.7792003
2026-05-10,ETH,2327.1639474602157,280857616089.8406
2026-05-10,HYPE,42.93166673272532,10234278938.518608
2026-05-10,LINK,10.373815073700346,7542800633.302146
2026-05-10,ONDO,0.4196846718462373,2043583434.6970215
2026-05-10,SYRUP,0.25405790640055487,282258337.50300974
2026-05-10,XMR,409.95381730449185,7562313149.856243
2026-05-11,AAVE,102.01348727922095,1517817916.474915
2026-05-11,BNB,663.4733750407737,89426693204.35039
2026-05-11,BTC,82018.3711243874,1645004741191.1208
2026-05-11,CC,0.15587514483590942,6000829052.976221
2026-05-11,ENA,0.1320153806389474,1191645084.2987487
2026-05-11,ETH,2369.9648714985337,286023012112.36975
2026-05-11,HYPE,42.96909151230364,10243200456.422901
2026-05-11,LINK,10.709799678393045,7787095029.423123
2026-05-11,ONDO,0.4249862666035665,2069398652.5268588
2026-05-11,SYRUP,0.25739164826707,285962124.7625299
2026-05-11,XMR,409.4459662209969,7552944950.891456
2026-05-12,AAVE,101.07583167772795,1503870137.9247286
2026-05-12,BNB,670.3091959569925,90348030339.8464
2026-05-12,BTC,81627.56604995472,1637166543583.5588
2026-05-12,CC,0.16268874732437877,6264286509.336906
2026-05-12,ENA,0.1286906387591754,1161634093.9246192
2026-05-12,ETH,2338.59446825004,282236853919.4963
2026-05-12,HYPE,42.001703039320766,10012589249.640484
2026-05-12,LINK,10.581391803707886,7693729667.537137
2026-05-12,ONDO,0.428221667967417,2085152891.543202
2026-05-12,SYRUP,0.2542257155394004,282444773.45857364
2026-05-12,XMR,416.2757334271281,7678931918.625972
2026-05-13,AAVE,96.69117469110842,1438693895.1753988
2026-05-13,BNB,664.8137077847776,89607289794.16667
2026-05-13,BTC,80482.14377829393,1611939835949.311
2026-05-13,CC,0.15254442473242452,5875922422.0662565
2026-05-13,ENA,0.12164814301459305,1098064565.9301627
2026-05-13,ETH,2275.747322631228,274651656906.35928
2026-05-13,HYPE,40.238901943151184,9592363353.365793
2026-05-13,LINK,10.280825651319542,7475188027.024652
2026-05-13,ONDO,0.38903371750742927,1894333803.3752658
2026-05-13,SYRUP,0.24232717115572613,269225490.4847676
2026-05-13,XMR,411.30866379811806,7587305656.383328
2026-05-14,AAVE,96.38500926787653,1434140802.6490335
2026-05-14,BNB,671.3872863252919,90493279889.59883
2026-05-14,BTC,79288.8420865621,1588073918775.3318
2026-05-14,CC,0.15525411985387924,5981491458.414583
2026-05-14,ENA,0.11665796349142343,1053020398.5780518
2026-05-14,ETH,2258.4839088491867,272567919519.1197
2026-05-14,HYPE,38.81411106186638,9252714128.962135
2026-05-14,LINK,10.212934153069604,7425824120.654975
2026-05-14,ONDO,0.38508461584618014,1875104321.6280267
2026-05-14,SYRUP,0.23265624692803094,258481093.53487262
2026-05-14,XMR,396.6745168088771,7317353292.135754
2026-05-15,AAVE,98.28571595972835,1462424617.4693422
2026-05-15,BNB,678.0258415036767,91388014205.81108
2026-05-15,BTC,81059.11595417073,1623569996402.9607
2026-05-15,CC,0.1636357577785917,6305624828.990786
2026-05-15,ENA,0.12062490912580791,1088828281.2809255
2026-05-15,ETH,2282.595746277603,275477745070.3736
2026-05-15,HYPE,44.15871269977502,10526788679.064007
2026-05-15,LINK,10.474857729112843,7616268745.049768
2026-05-15,ONDO,0.3873592832538324,1886180429.34784
2026-05-15,SYRUP,0.23869598456574648,265191242.13339
2026-05-15,XMR,395.7990270175824,7301203356.016594
2026-05-16,AAVE,92.84403623961889,1381458635.9482846
2026-05-16,BNB,672.1506658459626,90596095032.1776
2026-05-16,BTC,79068.6684041429,1583735228276.758
2026-05-16,CC,0.1577498414245362,6079943081.20834
2026-05-16,ENA,0.11094376423807945,1001440821.880289
2026-05-16,ETH,2223.9374886817177,268398316551.5641
2026-05-16,HYPE,44.16443524550843,10528152849.936728
2026-05-16,LINK,10.067310992048602,7319941524.58333
2026-05-16,ONDO,0.3628228054499097,1766704206.0077639
2026-05-16,SYRUP,0.22462001082183383,249552835.1104306
2026-05-16,XMR,381.5848035355835,7038997213.237648
2026-05-17,AAVE,90.02138326952533,1339461667.3818789
2026-05-17,BNB,656.0070996829677,88420150633.29807
2026-05-17,BTC,78132.7535126921,1565026633721.2126
2026-05-17,CC,0.1538402158441258,5930390259.124817
2026-05-17,ENA,0.1069339694963527,965246159.0319211
2026-05-17,ETH,2180.0891100856325,263105887893.18088
2026-05-17,HYPE,41.79891813331781,9964248305.75224
2026-05-17,LINK,9.714452836157015,7063378369.870144
2026-05-17,ONDO,0.3441322336832529,1675693632.094429
2026-05-17,SYRUP,0.21553623227646623,239460757.02167183
2026-05-17,XMR,388.4651746552465,7165917658.414215
2026-05-18,AAVE,89.16389931325526,1326711209.068426
2026-05-18,BNB,649.0696709061414,87485067916.75502
2026-05-18,BTC,77428.51866052429,1550931401030.0012
2026-05-18,CC,0.15451058707337365,5957400008.423033
2026-05-18,ENA,0.10443134623298585,942656073.7311863
2026-05-18,ETH,2130.749230126177,257151151560.93878
2026-05-18,HYPE,45.69156060916135,10892197112.25271
2026-05-18,LINK,9.561980858295048,6952515999.275983
2026-05-18,ONDO,0.34571560042566846,1683403568.2987137
2026-05-18,SYRUP,0.2068522887776512,229812895.6751286
2026-05-18,XMR,389.58390454116767,7186554582.307412
2026-05-19,AAVE,89.41020544575993,1330388057.9731064
2026-05-19,BNB,643.0629817607845,86675427353.17532
2026-05-19,BTC,76959.40571528324,1541593557490.7017
2026-05-19,CC,0.14923425764723103,5755100582.940697
2026-05-19,ENA,0.10542327312708924,951609763.8362415
2026-05-19,ETH,2128.8927623239815,256927014216.71082
2026-05-19,HYPE,47.71054448507347,11373493221.418339
2026-05-19,LINK,9.600275446913443,6980359993.527876
2026-05-19,ONDO,0.3862164401935661,1880615548.609774
2026-05-19,SYRUP,0.2093446998674416,232581964.43014365
2026-05-19,XMR,382.56223482495614,7057027638.082341
2026-05-20,AAVE,87.41356918858656,1300684217.2955894
2026-05-20,BNB,639.4078785765344,86182747012.58357
2026-05-20,BTC,76758.73155866472,1537607115376.3884
2026-05-20,CC,0.1482763705249825,5719282642.57961
2026-05-20,ENA,0.10276679425327141,927630891.2517953
2026-05-20,ETH,2109.3421375885023,254567432222.94888
2026-05-20,HYPE,48.066764111021904,11458410749.49912
2026-05-20,LINK,9.43963980628694,6863561823.979057
2026-05-20,ONDO,0.3680489062608916,1792151818.8509896
2026-05-20,SYRUP,0.20898040655283148,232177234.55260465
2026-05-20,XMR,398.17808803592123,7345089285.75763
2026-05-21,AAVE,87.97754572075615,1309076393.6188483
2026-05-21,BNB,648.8135781157387,87450427688.55615
2026-05-21,BTC,77470.39614899461,1551898053923.3093
2026-05-21,CC,0.1547319407811453,5969466928.888878
2026-05-21,ENA,0.10566174439470766,953762339.6378534
2026-05-21,ETH,2127.468931683584,256754993448.5723
2026-05-21,HYPE,54.762767745756115,13054639691.595312
2026-05-21,LINK,9.624478487326545,6997958023.496451
2026-05-21,ONDO,0.40072420028052347,1951258629.4205189
2026-05-21,SYRUP,0.20594331370914581,228803024.36152542
2026-05-21,XMR,404.01057933781243,7452679760.115754
2026-05-22,AAVE,88.01820196411589,1309681396.4385927
2026-05-22,BNB,657.2580376188126,88588584910.44919
2026-05-22,BTC,77550.38308320483,1553532857238.0518
2026-05-22,CC,0.1570341330250369,6060476526.095821
2026-05-22,ENA,0.10667922400133256,962946682.8995285
2026-05-22,ETH,2132.1443703600044,257319162066.26633
2026-05-22,HYPE,58.589256071580564,13966818320.141806
2026-05-22,LINK,9.739389065791988,7081509501.700257
2026-05-22,ONDO,0.4128483401815626,2010295075.4091642
2026-05-22,SYRUP,0.20632389399636175,229225849.06585333
2026-05-22,XMR,392.3597366224242,7237759646.301944
2026-05-23,AAVE,85.99917538917953,1279638988.5050836
2026-05-23,BNB,649.9691943034433,87606105341.83464
2026-05-23,BTC,75478.38285862996,1512062217726.077
2026-05-23,CC,0.15665440167499128,6047009966.735335
2026-05-23,ENA,0.09999241873456531,902587817.2337247
2026-05-23,ETH,2064.039749218924,249099851766.95044
2026-05-23,HYPE,54.68289937385294,13035600244.524431
2026-05-23,LINK,9.411272216946342,6842935750.608464
2026-05-23,ONDO,0.38314712016833263,1865670014.5454538
2026-05-23,SYRUP,0.19880658111723995,220874114.35382453
2026-05-23,XMR,380.5010241863418,7019005012.949815
2026-05-24,AAVE,86.61130077997036,1288749629.291776
2026-05-24,BNB,655.7093484986534,88379767554.51888
2026-05-24,BTC,76684.37097078416,1536256575896.3174
2026-05-24,CC,0.16117102707790432,6222794701.936954
2026-05-24,ENA,0.10192533150275554,920035375.1428418
2026-05-24,ETH,2116.4299126571727,255422534247.0047
2026-05-24,HYPE,58.66767246249683,13985511636.266363
2026-05-24,LINK,9.551471638935041,6944874746.190126
2026-05-24,ONDO,0.42456427062006813,2067343814.5514994
2026-05-24,SYRUP,0.1993513402584473,221479341.76719353
2026-05-24,XMR,386.3337370379873,7126599574.179557
2026-05-25,AAVE,85.54168730486207,1272839272.8846912
2026-05-25,BNB,656.3216569268385,88462271808.90727
2026-05-25,BTC,77016.06581859986,1542935472694.078
2026-05-25,CC,0.16632589319383748,6423254104.950229
2026-05-25,ENA,0.09868399102096721,890777212.7001994
2026-05-25,ETH,2097.6582568011895,253157019396.1855
2026-05-25,HYPE,62.79284355998922,14968891851.706978
2026-05-25,LINK,9.425019404408062,6852931330.205315
2026-05-25,ONDO,0.4378149966343965,2131865980.8280687
2026-05-25,SYRUP,0.19101754303301505,212220492.93519133
2026-05-25,XMR,392.8855073255818,7247458403.904546
2026-05-26,AAVE,86.33412838048407,1284633336.7363405
2026-05-26,BNB,662.783618728823,89333186967.62817
2026-05-26,BTC,77258.39912360838,1547829534321.9758
2026-05-26,CC,0.16620989258010171,6420149804.904715
2026-05-26,ENA,0.09998115300423835,902486126.4148202
2026-05-26,ETH,2110.5929717502054,254718006828.523
2026-05-26,HYPE,61.124912611065355,14571281605.458073
2026-05-26,LINK,9.492603854943535,6902071982.190885
2026-05-26,ONDO,0.4259036635945125,2073865761.8103378
2026-05-26,SYRUP,0.20041271597023833,222658530.19758183
2026-05-26,XMR,385.7067790127962,7115034239.943897
2026-05-27,AAVE,85.74891717084883,1275938997.4573772
2026-05-27,BNB,655.7801317810654,88389193676.5615
2026-05-27,BTC,75851.10409561773,1521310703337.921
2026-05-27,CC,0.15685456996891506,6060076015.991496
2026-05-27,ENA,0.09670600819494549,872922827.0971876
2026-05-27,ETH,2072.3492159738144,250102478155.41592
2026-05-27,HYPE,59.489272401859616,13233133678.936405
2026-05-27,LINK,9.376687433174428,6817789155.350732
2026-05-27,ONDO,0.4042166659150735,1968264599.3684278
2026-05-27,SYRUP,0.19446002916591495,216045095.07615966
2026-05-27,XMR,379.8308370439601,7006642242.25281
2026-05-28,AAVE,83.22156312904774,1238337103.0315702
2026-05-28,BNB,648.1022793623637,87354304761.17407
2026-05-28,BTC,74339.61694703094,1489416527418.8489
2026-05-28,CC,0.15580755422131287,6020829543.404592
2026-05-28,ENA,0.0931218219499636,840569945.9452183
2026-05-28,ETH,2022.465974317952,244082228718.45593
2026-05-28,HYPE,57.822454587110514,12862357199.909945
2026-05-28,LINK,9.124279445098834,6634263314.685795
2026-05-28,ONDO,0.38224188692046596,1861262134.5489333
2026-05-28,SYRUP,0.17656939635211863,196168601.77412748
2026-05-28,XMR,392.7381667763076,7244740450.500405
2026-05-29,AAVE,80.74907030021203,1201554297.2613049
2026-05-29,BNB,637.590036018025,85937381791.4377
2026-05-29,BTC,73651.64255141478,1477197114898.1526
2026-05-29,CC,0.15475480719670925,5981371130.640241
2026-05-29,ENA,0.08821215932878046,796252569.4411949
2026-05-29,ETH,2008.1144631178963,242350127914.89413
2026-05-29,HYPE,61.573356283283694,13696729206.376562
2026-05-29,LINK,8.994821419929538,6540134388.413851
2026-05-29,ONDO,0.36896153927420305,1796595730.752171
2026-05-29,SYRUP,0.16344072760861925,181582650.6196478
2026-05-29,XMR,354.02310354417557,6640560206.611812
2026-05-30,AAVE,82.39308322530252,1226260932.2839937
2026-05-30,BNB,642.4763985549286,86595958568.41101
2026-05-30,BTC,73500.91507629369,1474174043264.2876
2026-05-30,CC,0.1548506733343293,5987292682.066497
2026-05-30,ENA,0.08672952340739941,782869463.6321037
2026-05-30,ETH,2012.5607890669655,242886602421.65924
2026-05-30,HYPE,64.40994819136316,14327716918.906229
2026-05-30,LINK,9.013663214513427,6553834256.69856
2026-05-30,ONDO,0.3533312533713228,1720486700.5839043
2026-05-30,SYRUP,0.1642160523462471,182690257.29075032
2026-05-30,XMR,396.79362623343707,7443101525.296934
2026-05-31,AAVE,82.78232011642115,1232056296.6907113
2026-05-31,BNB,719.2839543502296,96948405964.44954
2026-05-31,BTC,73820.30385315015,1479111074457.094
2026-05-31,CC,0.15355420209345247,5938486086.251502
2026-05-31,ENA,0.08844097888057265,798318023.426669
2026-05-31,ETH,2021.665390940461,243985261872.80014
2026-05-31,HYPE,68.25018083090886,15181960210.620798
2026-05-31,LINK,9.189567233694111,6681734063.842571
2026-05-31,ONDO,0.375232470000667,1827130965.923756
2026-05-31,SYRUP,0.15931194795774756,177234444.17312273
2026-05-31,XMR,370.2594543972337,6945447717.257023
2026-06-01,AAVE,82.05125463592765,1221179056.3101764
2026-06-01,BNB,709.7461276820151,95662818778.99333
2026-06-01,BTC,73598.6681238158,1474670238472.3772
2026-06-01,CC,0.15602367485057686,6035259983.3801985
2026-06-01,ENA,0.08809806135753458,795222656.9726207
2026-06-01,ETH,2005.0520566280852,241980194646.4275
2026-06-01,HYPE,72.03247602409266,16023315565.70776
2026-06-01,LINK,9.136118543478487,6642871522.767506
2026-06-01,ONDO,0.36375782812895685,1771257140.5944881
2026-06-01,SYRUP,0.1575075744305441,175345210.41408947
2026-06-01,XMR,367.34687996701734,6890971388.175875
2026-06-02,AAVE,80.19032053193925,1193506463.468237
2026-06-02,BNB,692.0622015739435,93279241842.16821
2026-06-02,BTC,71320.29306465392,1429084366219.4146
2026-06-02,CC,0.15400988666373577,5958704561.322004
2026-06-02,ENA,0.0886422173302141,800134514.8697608
2026-06-02,ETH,2003.5794472377934,241802405659.34933
2026-06-02,HYPE,73.49822934903929,16349366110.732061
2026-06-02,LINK,9.044415074705169,6576193933.334506
2026-06-02,ONDO,0.35612055148638966,1734068715.3792186
2026-06-02,SYRUP,0.15530966307912547,172898386.95319003
2026-06-02,XMR,343.91628846287756,6451661722.472478
2026-06-03,AAVE,73.53517785086373,1094577505.3328846
2026-06-03,BNB,650.2435799684146,87642698316.21786
2026-06-03,BTC,66727.26415497709,1337077983137.808
2026-06-03,CC,0.1499413040140511,5802581867.423511
2026-06-03,ENA,0.09415683146058228,849912523.9809122
2026-06-03,ETH,1858.3640479335945,224276922375.7809
2026-06-03,HYPE,69.73337652088593,15511890734.989435
2026-06-03,LINK,8.364582826128089,6081887925.499778
2026-06-03,ONDO,0.3880054877552196,1889327012.730674
2026-06-03,SYRUP,0.1360535229946126,151461500.84095415
2026-06-03,XMR,325.7130348319617,6110179685.666552
2026-06-04,AAVE,74.32524823578397,1106342929.616138
2026-06-04,BNB,619.783537192592,83537123667.94281
2026-06-04,BTC,64046.61064609333,1283384941923.1694
2026-06-04,CC,0.1530483883747193,5924142253.917971
2026-06-04,ENA,0.11250842381229498,1015564319.3181689
2026-06-04,ETH,1811.7149905120527,218646847414.9501
2026-06-04,HYPE,74.50308422868015,16572891771.974657
2026-06-04,LINK,8.327863303674874,6055189161.810005
2026-06-04,ONDO,0.41370400708467053,2014461600.4840913
2026-06-04,SYRUP,0.13991156663913734,155756465.5566621
2026-06-04,XMR,363.7264992928262,6823543983.331435
2026-06-05,AAVE,71.26414752046944,1060786156.1602327
2026-06-05,BNB,603.8314770752072,81386999863.93068
2026-06-05,BTC,63810.65923840883,1278676276214.779
2026-06-05,CC,0.1470683370160425,5693868368.13136
2026-06-05,ENA,0.09444093111976493,852476967.3107531
2026-06-05,ETH,1769.0317333338,213495452809.0861
2026-06-05,HYPE,64.36551880854753,14317833793.119934
2026-06-05,LINK,8.006323258190282,5821397404.247529
2026-06-05,ONDO,0.3702218163809316,1802732436.6916769
2026-06-05,SYRUP,0.1373625662302303,152918792.41832995
2026-06-05,XMR,373.3980541455542,7005155335.30339
2026-06-06,AAVE,62.255582482098866,926698670.738518
2026-06-06,BNB,571.9698919463663,77092512923.944
2026-06-06,BTC,60960.10140035313,1221584775490.4983
2026-06-06,CC,0.14946193380708578,5787810547.162672
2026-06-06,ENA,0.0946147554888115,879325883.8241419
2026-06-06,ETH,1582.4588294507628,190978752181.88416
2026-06-06,HYPE,59.71159539400467,13282588475.92558
2026-06-06,LINK,7.361053837853775,5352222027.804344
2026-06-06,ONDO,0.344024926917368,1675171119.9706755
2026-06-06,SYRUP,0.12589515245148364,140152701.0782183
2026-06-06,XMR,307.9241270714147,5777000759.492796
2026-06-07,AAVE,60.93207129202708,907001949.6702298
2026-06-07,BNB,574.2853923786267,77404581482.47667
2026-06-07,BTC,60855.25426528331,1219483734629.1333
2026-06-07,CC,0.16212434351247032,6279491919.733728
2026-06-07,ENA,0.08967057162796985,833375875.0674448
2026-06-07,ETH,1568.7027946407661,189318197707.50336
2026-06-07,HYPE,56.596798424286106,12589715239.800562
2026-06-07,LINK,7.391559293757676,5374402543.889889
2026-06-07,ONDO,0.3245485511654647,1580334206.6294448
2026-06-07,SYRUP,0.13103397245897783,145873489.2927022
2026-06-07,XMR,295.9015532741545,5551531720.996826
2026-06-08,AAVE,63.64395268465514,947371819.8731427
2026-06-08,BNB,603.8984366100508,81395923708.0082
2026-06-08,BTC,63273.537430635515,1267943921370.2615
2026-06-08,CC,0.16392657652109882,6350788968.6541
2026-06-08,ENA,0.08970819869388792,833725571.6113209
2026-06-08,ETH,1687.8826846141703,203701307543.392
2026-06-08,HYPE,59.61331537221414,13260726506.299164
2026-06-08,LINK,7.9085060154893645,5750274489.972583
2026-06-08,ONDO,0.3496000625445312,1702318298.7412026
2026-06-08,SYRUP,0.13128440227641086,146152280.13301903
2026-06-08,XMR,302.8755820111427,5682489941.367011
2026-06-09,AAVE,63.43180570405525,944228208.4792032
2026-06-09,BNB,601.5368716232298,81077574692.92725
2026-06-09,BTC,63069.147792658114,1263848139632.9338
2026-06-09,CC,0.16003686006288548,6201833326.7022915
2026-06-09,ENA,0.08531220156721082,792870273.3152657
2026-06-09,ETH,1690.4950851700783,204016538883.978
2026-06-09,HYPE,63.780899597621435,14187787755.284018
2026-06-09,LINK,7.993169530721201,5811833329.393775
2026-06-09,ONDO,0.3646309110020678,1775508469.7858982
2026-06-09,SYRUP,0.13058433688387944,145372932.7651172
2026-06-09,XMR,314.56603293120776,5901985168.88903
2026-06-10,AAVE,62.06274647838877,923849912.0887774
2026-06-10,BNB,593.0656308303504,79935744108.10219
2026-06-10,BTC,61669.76384194788,1235805762898.2478
2026-06-10,CC,0.16327613182377204,6328827821.075508
2026-06-10,ENA,0.0802822946687191,746123576.0774081
2026-06-10,ETH,1638.7504135601862,197771660387.75195
2026-06-10,HYPE,57.7597615857335,12848411410.690649
2026-06-10,LINK,7.833892151355486,5696022751.567504
2026-06-10,ONDO,0.35737440125069697,1740174124.4632938
2026-06-10,SYRUP,0.13011969995804967,144867101.75315854
2026-06-10,XMR,311.49918364244803,5844623789.7028055
2026-06-11,AAVE,61.246573924617344,911722158.3022234
2026-06-11,BNB,586.1915042460671,79009189727.44032
2026-06-11,BTC,61480.144432833426,1232005963062.1147
2026-06-11,CC,0.1625328662148586,6301407318.857174
2026-06-11,ENA,0.07197417618817113,668909999.9488155
2026-06-11,ETH,1620.917390707054,195619412992.2519
2026-06-11,HYPE,53.25959115882178,11847367786.620937
2026-06-11,LINK,7.559228709098085,5496314970.825169
2026-06-11,ONDO,0.3333129823256606,1623011119.8813086
2026-06-11,SYRUP,0.13014147623537384,144891346.0926701
2026-06-11,XMR,334.8011615406605,6281911884.698706
2026-06-12,AAVE,64.25160026808855,956459521.9423361
2026-06-12,BNB,605.0188351074373,81546773780.92807
2026-06-12,BTC,63555.66181107698,1273749779296.1104
2026-06-12,CC,0.16255774680240498,6303675243.363306
2026-06-12,ENA,0.07966518731383522,740388334.5979561
2026-06-12,ETH,1671.86904676229,201768387468.37537
2026-06-12,HYPE,58.90718809920728,13103651520.827927
2026-06-12,LINK,7.877118759969324,5727452817.412223
2026-06-12,ONDO,0.3653769113083043,1779140991.939727
2026-06-12,SYRUP,0.13367764949797575,148828299.31355292
2026-06-12,XMR,387.1912188243678,7265069703.03604
2026-06-13,AAVE,64.18445065736434,955460918.3105406
2026-06-13,BNB,603.5065215908736,81342904942.12349
2026-06-13,BTC,63532.27782485316,1273309909632.204
2026-06-13,CC,0.16260064410337566,6306506874.477188
2026-06-13,ENA,0.0783533657621759,728196593.0522223
2026-06-13,ETH,1665.5551249935475,201006326715.53604
2026-06-13,HYPE,59.28742245725128,13188233024.118547
2026-06-13,LINK,7.860391513372228,5715290436.906174
2026-06-13,ONDO,0.35369244926503113,1722245482.8187087
2026-06-13,SYRUP,0.1303869027531223,145164588.56349546
2026-06-13,XMR,353.57526884992336,6634316194.628371
2026-06-14,AAVE,67.06858780570695,998396866.4156327
2026-06-14,BNB,609.3153936702697,82125816506.64233
2026-06-14,BTC,64408.80975375945,1290903457306.5925
2026-06-14,CC,0.16288412177667017,6318776666.389487
2026-06-14,ENA,0.08384091090411085,779196465.7150801
2026-06-14,ETH,1680.3055520030994,202786394956.7776
2026-06-14,HYPE,60.68950820946495,13500120990.462896
2026-06-14,LINK,7.979434363646255,5801846489.819791
2026-06-14,ONDO,0.36455728829816886,1775149976.497488
2026-06-14,SYRUP,0.13092076001404016,145758951.70884532
2026-06-14,XMR,338.16518997232544,6345460831.376882
2026-06-15,AAVE,68.30307486502944,1016775535.9705592
2026-06-15,BNB,616.2913721407087,83066035408.76973
2026-06-15,BTC,65709.31094599118,1316997723207.2698
2026-06-15,CC,0.16155574537544667,6268441588.477311
2026-06-15,ENA,0.08403007881787862,780954545.0136595
2026-06-15,ETH,1725.448928079916,208234439253.2255
2026-06-15,HYPE,63.88728245471221,14211452165.894821
2026-06-15,LINK,8.171975411222267,5941843079.818013
2026-06-15,ONDO,0.367544145084212,1789693969.783968
2026-06-15,SYRUP,0.1435291939942491,159796390.2285144
2026-06-15,XMR,340.9438890031566,6397728641.302785
2026-06-16,AAVE,73.72706985393312,1097533760.244487
2026-06-16,BNB,617.3823195179718,83213044501.28632
2026-06-16,BTC,66292.50117921834,1328716312457.8525
2026-06-16,CC,0.16546060591243208,6421303064.529308
2026-06-16,ENA,0.08546156755198146,794258443.4362277
2026-06-16,ETH,1794.9576599037732,216622998493.3419
2026-06-16,HYPE,66.88552181985622,14878397662.439482
2026-06-16,LINK,8.294379695689905,6030843231.434393
2026-06-16,ONDO,0.36999372741619063,1801621796.105421
2026-06-16,SYRUP,0.14473683216054364,161140898.71703684
2026-06-16,XMR,347.81769233069855,6526916097.183685
2026-06-17,AAVE,75.84652935865482,1129091496.9390736
2026-06-17,BNB,604.4270847551903,81466861926.48677
2026-06-17,BTC,65619.28080038042,1315255606491.9746
2026-06-17,CC,0.16130289549198287,6260962113.652731
2026-06-17,ENA,0.08596606721660766,798947137.1943474
2026-06-17,ETH,1791.3886783051394,216192147348.88727
2026-06-17,HYPE,73.55663254647828,16362357651.69059
2026-06-17,LINK,8.2695328960501,6012777124.151121
2026-06-17,ONDO,0.36946989967539756,1799071105.6334288
2026-06-17,SYRUP,0.1431984309568954,159428139.43632886
2026-06-17,XMR,345.41947390126427,6482017588.820902
2026-06-18,AAVE,73.82996560800957,1099088877.2021763
2026-06-18,BNB,601.0035535777396,81005390542.53128
2026-06-18,BTC,64444.545329668814,1291736519936.9531
2026-06-18,CC,0.1625233919528679,6309685601.909199
2026-06-18,ENA,0.09501151349851163,883013253.5767925
2026-06-18,ETH,1748.7549735206103,211046873391.0524
2026-06-18,HYPE,71.11146534110179,15818440686.659945
2026-06-18,LINK,8.084479104837147,5878224518.033048
2026-06-18,ONDO,0.3646277003873262,1775492836.2411413
2026-06-18,SYRUP,0.14167685306195446,157734110.17094603
2026-06-18,XMR,336.8684331685112,6321715347.3807535
2026-06-19,AAVE,74.80965037865609,1113674799.704648
2026-06-19,BNB,578.0941140346222,77917545336.62881
2026-06-19,BTC,62897.23855524796,1260755460004.2776
2026-06-19,CC,0.16052873266445106,6233523419.135006
2026-06-19,ENA,0.09551983755669173,887737490.2925037
2026-06-19,ETH,1710.079110757131,206379242687.9148
2026-06-19,HYPE,68.26459527181787,15185166641.22178
2026-06-19,LINK,8.004935138286445,5820388102.306502
2026-06-19,ONDO,0.36602043212608226,1782274507.5797157
2026-06-19,SYRUP,0.13588439735246105,151285153.77972794
2026-06-19,XMR,319.0584124527832,5987490260.640536
2026-06-20,AAVE,73.56787618235208,1095190363.5692072
2026-06-20,BNB,580.5498791177642,78248519418.78792
2026-06-20,BTC,63489.81094752525,1272662339486.1091
2026-06-20,CC,0.1537566798215114,5971701598.609479
2026-06-20,ENA,0.08794204848610794,817311413.1177657
2026-06-20,ETH,1708.87855388619,206234250069.17407
2026-06-20,HYPE,70.27891842974068,15633244194.462002
2026-06-20,LINK,7.9355479262250155,5936583168.91707
2026-06-20,ONDO,0.3548072184174997,1727673662.417154
2026-06-20,SYRUP,0.1350842930892834,150394367.9437303
2026-06-20,XMR,314.7738878697203,5907403805.559187
2026-06-21,AAVE,75.99412445214746,1131311909.6126907
2026-06-21,BNB,587.6019263693968,79198993838.31635
2026-06-21,BTC,64253.39869532133,1287998314407.3254
2026-06-21,CC,0.15262034815527978,5928921882.249949
2026-06-21,ENA,0.08927845273275228,829731620.0850165
2026-06-21,ETH,1739.2769352743533,209902786728.71887
2026-06-21,HYPE,70.7251175144634,15732499268.482376
2026-06-21,LINK,7.981914375220622,5971269908.037731
2026-06-21,ONDO,0.34283383908439385,1669371319.4823055
2026-06-21,SYRUP,0.13706976398863385,152604866.5453784
2026-06-21,XMR,320.81399067882717,6020875102.87591
2026-06-22,AAVE,73.98030505594501,1101341153.5494857
2026-06-22,BNB,583.7382242602163,78678211969.23083
2026-06-22,BTC,63255.48525259375,1268020785738.6846
2026-06-22,CC,0.14987407718755327,5823609310.009223
2026-06-22,ENA,0.08691911785710527,807804551.5844721
2026-06-22,ETH,1704.9130137257484,205755555330.1328
2026-06-22,HYPE,66.95971349876216,14894901283.432072
2026-06-22,LINK,7.776101516327973,5817301314.387048
2026-06-22,ONDO,0.3295674558568148,1604772913.0574079
2026-06-22,SYRUP,0.133450820765446,148575762.44875443
2026-06-22,XMR,320.31708257578657,6011707361.480927
2026-06-23,AAVE,74.94259165864939,1115672178.7694762
2026-06-23,BNB,589.2686919181896,79423507770.47118
2026-06-23,BTC,63937.28526422244,1281722561349.0657
2026-06-23,CC,0.15210824941950282,5911810852.171773
2026-06-23,ENA,0.09085678869607942,844400279.9441881
2026-06-23,ETH,1725.1620208904676,208199241296.49207
2026-06-23,HYPE,66.19402594451479,14724577368.669834
2026-06-23,LINK,7.859446728523044,5879651865.165249
2026-06-23,ONDO,0.3286504756446573,1600307833.207657
2026-06-23,SYRUP,0.14059746867011116,156532391.3799071
2026-06-23,XMR,317.5340879134069,5959625888.035086
2026-06-24,AAVE,72.36172349709702,1077251806.1126378
2026-06-24,BNB,577.3779980091048,77820817390.73474
2026-06-24,BTC,62662.29201921944,1256197234338.4941
2026-06-24,CC,0.15167028331981597,5897526671.359994
2026-06-24,ENA,0.08623375728634831,801434981.7799996
2026-06-24,ETH,1665.7162407218393,201025025282.61243
2026-06-24,HYPE,62.11662730780454,13817577517.361893
2026-06-24,LINK,7.625715857125374,5704797807.185233
2026-06-24,ONDO,0.3144798130235653,1531306191.4184763
2026-06-24,SYRUP,0.1323041665328026,147299149.64185742
2026-06-24,XMR,318.3776724431473,5975604230.685911
2026-06-25,AAVE,79.94157285992512,1190094700.542904
2026-06-25,BNB,563.9704782268035,76013682314.2601
2026-06-25,BTC,60989.57352152134,1222695488973.654
2026-06-25,CC,0.15100433918908926,5873190764.247276
2026-06-25,ENA,0.08485664432169653,788636438.164767
2026-06-25,ETH,1620.6434082953833,195585379105.89435
2026-06-25,HYPE,63.82659638228414,14197952809.179203
2026-06-25,LINK,7.415107503753354,5547241704.256359
2026-06-25,ONDO,0.3142993378641684,1530427398.1938028
2026-06-25,SYRUP,0.1255801045085894,139813001.2894535
2026-06-25,XMR,314.66746880726873,5906098181.964915
2026-06-26,AAVE,82.33192443962999,1225683374.2612846
2026-06-26,BNB,560.0088056886373,75479689391.88594
2026-06-26,BTC,59726.73653480851,1197409796612.7463
2026-06-26,CC,0.14979433292383218,5827451359.187504
2026-06-26,ENA,0.08229526756304177,764831642.9140195
2026-06-26,ETH,1566.0081297519519,188991665755.70743
2026-06-26,HYPE,64.07300018778383,14252764279.644169
2026-06-26,LINK,7.239585951322604,5415934036.073958
2026-06-26,ONDO,0.31378165572273337,1527906632.6771085
2026-06-26,SYRUP,0.12127959563928412,135025084.80823767
2026-06-26,XMR,307.5892904552514,5773381333.72631
2026-06-27,AAVE,94.9620203647956,1519392325.8367298
2026-06-27,BNB,566.9395585365139,76413771634.91876
2026-06-27,BTC,60022.32566638378,1203364318622.97
2026-06-27,CC,0.15094785886345932,5873560066.871966
2026-06-27,ENA,0.07932779435231878,737252688.7618626
2026-06-27,ETH,1576.9176481850786,190308081815.48938
2026-06-27,HYPE,64.3037911466749,14304102739.296549
2026-06-27,LINK,7.343073032116793,5493352718.154336
2026-06-27,ONDO,0.31611091864219115,1539248583.995745
2026-06-27,SYRUP,0.13336500696322465,165996422.45571172
2026-06-27,XMR,320.6855828902122,6019327191.813054
2026-06-28,AAVE,93.88898743543866,1502223798.9670186
2026-06-28,BNB,556.5879485175612,75018515887.8142
2026-06-28,BTC,59953.443344011124,1202013480250.0635
2026-06-28,CC,0.15291569728281307,5951486976.372833
2026-06-28,ENA,0.07677633764958137,713540088.0307969
2026-06-28,ETH,1571.9371269098212,189706894652.55972
2026-06-28,HYPE,61.621780302785965,13707500921.973083
2026-06-28,LINK,7.287243697540514,5451586794.608981
2026-06-28,ONDO,0.3102693389096099,1510804000.776993
2026-06-28,SYRUP,0.14226530720727684,177074425.84607452
2026-06-28,XMR,313.02790514812193,5875719266.880871
2026-06-29,AAVE,91.40130452980374,1462420872.4768598
2026-06-29,BNB,550.4111830116456,74185972583.7256
2026-06-29,BTC,59494.606386317784,1192836694280.2336
2026-06-29,CC,0.14932744886035598,5813366658.035608
2026-06-29,ENA,0.07671252719596078,712947049.6274605
2026-06-29,ETH,1570.0805519413402,189482804157.67572
2026-06-29,HYPE,61.420422037835884,13662709638.941534
2026-06-29,LINK,7.256022189424434,5428229985.310721
2026-06-29,ONDO,0.30894983818881283,1504378915.4784772
2026-06-29,SYRUP,0.13823179072425026,172053998.66397882
2026-06-29,XMR,310.1916232683486,5822620904.832401
2026-06-30,AAVE,91.32893211650911,1359683163.7459059
2026-06-30,BNB,558.6227835458758,75292728860.74406
2026-06-30,BTC,60152.35872063589,1206050822293.0742
2026-06-30,CC,0.1450205486014333,5647077536.97214
2026-06-30,ENA,0.0786024911103189,730511901.7565264
2026-06-30,ETH,1609.751185572177,194270370492.90536
2026-06-30,HYPE,66.79666170750824,14858631111.295525
2026-06-30,LINK,7.366470797652136,5510856585.859334
2026-06-30,ONDO,0.31585429003895943,1537998974.473132
2026-06-30,SYRUP,0.14385393016778186,160086004.12395564
2026-06-30,XMR,315.1931236425721,5916629486.164063
2026-07-01,AAVE,85.0750652436657,1266577328.4724596
2026-07-01,BNB,545.864131071901,73573050289.31685
2026-07-01,BTC,58566.091991843154,1174271521060.0322
2026-07-01,CC,0.1409954449601434,5492468732.545084
2026-07-01,ENA,0.07204901380950131,669605522.0920528
2026-07-01,ETH,1569.8271747749748,189452148354.94492
2026-07-01,HYPE,64.96786670964342,14451823502.100267
2026-07-01,LINK,7.191212210158271,5379745641.738467
2026-07-01,ONDO,0.3075624255707062,1497623144.697096
2026-07-01,SYRUP,0.13686753277799826,152311281.25021812
2026-07-01,XMR,303.51167589386074,5697483890.863627
2026-07-02,AAVE,83.14396909079291,1237827628.4361002
2026-07-02,BNB,549.9510649904576,74123870450.47614
2026-07-02,BTC,59967.685041718134,1202400598943.6472
2026-07-02,CC,0.1405679493489274,5477195058.590943
2026-07-02,ENA,0.07122086933927135,661908954.4218532
2026-07-02,ETH,1608.254387223296,194089602864.7811
2026-07-02,HYPE,62.35288728748463,13870132537.24897
2026-07-02,LINK,7.349934161251468,5498485528.657068
2026-07-02,ONDO,0.3232418599158304,1573971494.8814337
2026-07-02,SYRUP,0.149631749322673,166515776.18495232
2026-07-02,XMR,309.21857921240024,5804749357.383818
2026-07-03,AAVE,86.14407760437977,1282492530.1365342
2026-07-03,BNB,558.1196504363588,75224827285.86072
2026-07-03,BTC,61490.21448471664,1232955847657.318
2026-07-03,CC,0.13968370208441083,5443870257.032904
2026-07-03,ENA,0.07654788099547996,711416869.0017419
2026-07-03,ETH,1698.5610521616197,204988032961.64233
2026-07-03,HYPE,66.86763693393337,14874419246.219238
2026-07-03,LINK,7.7380598357576975,5788842334.276316
2026-07-03,ONDO,0.3282382745163323,1598300689.620776
2026-07-03,SYRUP,0.15763379307498326,175420748.10777932
2026-07-03,XMR,317.3560852628253,5957655630.949182
2026-07-04,AAVE,87.50518896666648,1302756432.233594
2026-07-04,BNB,573.3641876486147,77279502163.02582
2026-07-04,BTC,62553.61289177051,1254308594105.5916
2026-07-04,CC,0.1403689524633734,5471714341.262867
2026-07-04,ENA,0.07936579940061932,737605898.1795058
2026-07-04,ETH,1756.9804642496356,212038138510.35922
2026-07-04,HYPE,70.64913960149897,15715598307.379139
2026-07-04,LINK,7.968098603042038,5960934329.278308
2026-07-04,ONDO,0.3337629168690533,1625201999.9425945
2026-07-04,SYRUP,0.15786121492101093,175673831.59697285
2026-07-04,XMR,324.09911624884234,6084385150.753012
2026-07-05,AAVE,88.56515465632599,1318536949.2115855
2026-07-05,BNB,574.7757156537721,77469728581.28255
2026-07-05,BTC,63088.406753852214,1265061539174.8157
2026-07-05,CC,0.13999558274341384,5458222813.585705
2026-07-05,ENA,0.07880605544699255,732403777.810487
2026-07-05,ETH,1779.908385139636,214805111963.64227
2026-07-05,HYPE,69.8153495798741,15530125290.6309
2026-07-05,LINK,8.000415968211163,5985110949.205541
2026-07-05,ONDO,0.3356730233483644,1634502939.9613373
2026-07-05,SYRUP,0.160239400575917,178320365.05014154
2026-07-05,XMR,328.2565770190047,6162577668.90617
2026-07-06,AAVE,89.01179990418505,1325186497.3863413
2026-07-06,BNB,589.1826542355047,79411485641.80626
2026-07-06,BTC,63586.102141021256,1275068261445.5964
2026-07-06,CC,0.14142544329838175,5515042612.409928
2026-07-06,ENA,0.08056376406854175,770265113.0240734
2026-07-06,ETH,1784.2622991817525,215330521708.11813
2026-07-06,HYPE,71.27473254956593,15854758777.43164
2026-07-06,LINK,8.053986233764267,6025186863.28147
2026-07-06,ONDO,0.3325389560908827,1619242130.2147224
2026-07-06,SYRUP,0.1674385703756307,186331868.97569877
2026-07-06,XMR,327.3341648802729,6145403202.088304
2026-07-07,AAVE,94.14200666111914,1401563794.8952932
2026-07-07,BNB,585.5377551735166,78920175313.78323
2026-07-07,BTC,64001.23542391328,1283414917919.9055
2026-07-07,CC,0.1382047402971772,5390539025.224247
2026-07-07,ENA,0.07829443402703826,748568190.330386
2026-07-07,ETH,1798.557105022033,217055626708.547
2026-07-07,HYPE,70.56729168542682,15697391589.24299
2026-07-07,LINK,8.015057887651674,5996064568.70595
2026-07-07,ONDO,0.33290310572242426,1621015295.1756816
2026-07-07,SYRUP,0.17574302928620783,195573379.7349482
2026-07-07,XMR,323.30057616085276,6069817046.942675
2026-07-08,AAVE,90.02136739547826,1340216697.9788706
2026-07-08,BNB,576.6079677024561,77716554243.43585
2026-07-08,BTC,63335.30929080668,1270088861350.0464
2026-07-08,CC,0.13105473435939036,5113460670.423004
2026-07-08,ENA,0.07587895571193883,725473953.1271151
2026-07-08,ETH,1771.2223954004269,213756723632.7925
2026-07-08,HYPE,69.1959187463834,15392335556.555521
2026-07-08,LINK,7.861918260292056,5881500818.007342
2026-07-08,ONDO,0.3278749916942764,1596531745.4418106
2026-07-08,SYRUP,0.1753200373142248,195102658.53537932
2026-07-08,XMR,335.1119074594048,6291714031.27908
2026-07-09,AAVE,88.22401283149152,1313458110.8951938
2026-07-09,BNB,568.1933961660617,76582382620.36751
2026-07-09,BTC,62247.1304822092,1248292438971.084
2026-07-09,CC,0.127833589502294,4988714345.095646
2026-07-09,ENA,0.0746805114617863,714015702.5541724
2026-07-09,ETH,1742.2494536901065,210260122320.1991
2026-07-09,HYPE,67.59710320128553,15036685890.95339
2026-07-09,LINK,7.634880418843451,5711653815.534311
2026-07-09,ONDO,0.31540791966700527,1535825449.5410628
2026-07-09,SYRUP,0.16674556266158458,185560664.21515226
2026-07-09,XMR,319.6132675499369,6000864922.737591
2026-07-10,AAVE,91.27266706411243,1460362673.0257988
2026-07-10,BNB,568.336903396185,76601696822.6001
2026-07-10,BTC,63192.8789720319,1267284402881.5332
2026-07-10,CC,0.13279880704034022,5184016169.126521
2026-07-10,ENA,0.0763864746947405,730326310.4017454
2026-07-10,ETH,1744.6953884606253,210555249028.31128
2026-07-10,HYPE,67.08394450884185,14922535939.179401
2026-07-10,LINK,7.729156725834038,5782181918.005736
2026-07-10,ONDO,0.31648182255970797,1541054637.808402
2026-07-10,SYRUP,0.16216876623795692,201847813.3246788
2026-07-10,XMR,314.2214676370066,5899763916.152984
2026-07-11,AAVE,95.69107762521104,1531057242.0033765
2026-07-11,BNB,575.091602394218,77512085406.8321
2026-07-11,BTC,64110.97482196822,1285721301995.1152
2026-07-11,CC,0.13402104779413687,5232792549.536874
2026-07-11,ENA,0.0810412742029684,774830557.5749432
2026-07-11,ETH,1795.2394655119474,216655030211.1195
2026-07-11,HYPE,67.44804895603389,15003529412.932604
2026-07-11,LINK,7.962346537088011,5956631208.908218
2026-07-11,ONDO,0.3279956215604535,1597119132.14613
2026-07-11,SYRUP,0.18637219206703437,231973272.6957933
2026-07-11,XMR,322.12292711219436,6048262884.397897
2026-07-12,AAVE,98.08650576980592,1569384092.3168948
2026-07-12,BNB,574.540611804015,77437791544.40038
2026-07-12,BTC,63791.35305345348,1279338966428.7214
2026-07-12,CC,0.13472336773481158,5261145221.424378
2026-07-12,ENA,0.07999095214056834,764788493.9814651
2026-07-12,ETH,1787.9485944322748,215775095411.18936
2026-07-12,HYPE,66.81422206278447,14862537337.064342
2026-07-12,LINK,7.910834492864834,5918095050.1483345
2026-07-12,ONDO,0.32398405837178157,1577585504.5691528
2026-07-12,SYRUP,0.19147318213316333,238322360.2206267
2026-07-12,XMR,322.70040973242664,6059242733.995468
2026-07-13,AAVE,96.9060926202664,1550497481.9242625
2026-07-13,BNB,573.7067971748755,77325384509.99037
2026-07-13,BTC,63746.65595793199,1278471632284.2085
2026-07-13,CC,0.13297030134773113,5193692035.121014
2026-07-13,ENA,0.07987786969823014,763707319.8179222
2026-07-13,ETH,1805.4862853704624,217891552265.4176
2026-07-13,HYPE,67.30149101834385,14970928227.82991
2026-07-13,LINK,7.991922487818149,5978756976.774722
2026-07-13,ONDO,0.3227190381473598,1571425702.8213012
2026-07-13,SYRUP,0.18892494702399967,235150629.33462414
2026-07-13,XMR,323.78113305160286,6079688398.226308
2026-07-14,AAVE,94.49931788404983,1511989086.1447973
2026-07-14,BNB,566.8067374879349,76395357646.05295
2026-07-14,BTC,62278.96301585648,1249064515645.423
2026-07-14,CC,0.13001478705395983,5079280075.268402
2026-07-14,ENA,0.07850390401946768,750570919.8361292
2026-07-14,ETH,1774.0909253483635,214102634317.62497
2026-07-14,HYPE,63.43935392536694,14111812384.330433
2026-07-14,LINK,7.881328095065449,5896021314.82727
2026-07-14,ONDO,0.31069772939450174,1512889975.6939602
2026-07-14,SYRUP,0.1892320371457156,235532857.49729645
2026-07-14,XMR,321.42541140498406,6035582123.631709
2026-07-15,AAVE,98.87193303555618,1581950928.568899
2026-07-15,BNB,581.3477700391322,78355201747.16164
2026-07-15,BTC,64983.51907427709,1303338246252.6511
2026-07-15,CC,0.13841795028995557,5408555726.016788
2026-07-15,ENA,0.08399865153279873,803105857.3893678
2026-07-15,ETH,1890.3093923843837,228128182150.20947
2026-07-15,HYPE,65.48336375276892,14566493609.96143
2026-07-15,LINK,8.338654694958581,6238147330.681834
2026-07-15,ONDO,0.31477206535562535,1532729264.6556334
2026-07-15,SYRUP,0.19132683347183801,238140203.33581597
2026-07-15,XMR,330.8904155368965,6213459629.832726
2026-07-16,AAVE,95.74009491889744,1531841518.702359
2026-07-16,BNB,580.0914809504844,77248524552.69281
2026-07-16,BTC,64717.168891130066,1298025137560.8176
2026-07-16,CC,0.13718458303596684,5361208961.729106
2026-07-16,ENA,0.0834812408627921,798158926.3116014
2026-07-16,ETH,1916.7586464879018,231320074235.7647
2026-07-16,HYPE,66.82952106810772,14865940535.228098
2026-07-16,LINK,8.534679934473065,6384793806.56515
2026-07-16,ONDO,0.3653528184497429,1779023675.84516
2026-07-16,SYRUP,0.1898705525228135,236327603.21579248
2026-07-16,XMR,329.7921293601436,6192977490.48328
2026-07-17,AAVE,91.13383730937959,1458141396.9500735
2026-07-17,BNB,572.113964769213,76186168543.60698
2026-07-17,BTC,63792.28742743447,1279500217318.545
2026-07-17,CC,0.13070051624756268,5110264870.035999
2026-07-17,ENA,0.08225077302704197,786394500.238234
2026-07-17,ETH,1863.0065007127855,224833051309.7742
2026-07-17,HYPE,60.68663231136282,13499481259.255964
2026-07-17,LINK,8.334568734180476,6235090623.544577
2026-07-17,ONDO,0.36349197361555763,1769962607.0647502
2026-07-17,SYRUP,0.18403927259121988,229069540.33240622
2026-07-17,XMR,334.5208920939052,6281910893.033473
2026-07-18,AAVE,89.95682270344092,1439309163.2550547
2026-07-18,BNB,567.758313883116,75606122811.11246
2026-07-18,BTC,63904.954014943025,1281784159472.132
2026-07-18,CC,0.12803825751795092,5006924781.563161
2026-07-18,ENA,0.08193565190170203,783381646.8539293
2026-07-18,ETH,1840.7681193183653,222149185555.00424
2026-07-18,HYPE,59.73918313871447,13288725251.497248
2026-07-18,LINK,8.250502225683649,6172200471.024377
2026-07-18,ONDO,0.37253435905844,1813992971.623764
2026-07-18,SYRUP,0.18617978302128088,231733785.4871884
2026-07-18,XMR,330.38666701071844,6204420682.326264
2026-07-19,AAVE,89.9129364614221,1438606983.3827536
2026-07-19,BNB,570.3033872677163,75945018450.80635
2026-07-19,BTC,64795.70382303786,1299683566530.6624
2026-07-19,CC,0.12504655952721785,4890780968.036623
2026-07-19,ENA,0.08064576190501462,771049089.2137257
2026-07-19,ETH,1862.32234801627,224750368580.7533
2026-07-19,HYPE,60.19156704464236,13389356112.487026
2026-07-19,LINK,8.344843047570384,6242776837.087703
2026-07-19,ONDO,0.3467778751535215,1688576135.186582
2026-07-19,SYRUP,0.17793306777166662,221469284.62884545
2026-07-19,XMR,335.743035155695,6305155416.711023
2026-07-20,AAVE,89.48708248478194,1379566318.5371537
2026-07-20,BNB,570.5283706446356,75974956090.2896
2026-07-20,BTC,64670.40117470696,1297204952087.9087
2026-07-20,CC,0.12675688653862988,4958307997.691811
2026-07-20,ENA,0.07979679969100974,762932214.5457634
2026-07-20,ETH,1870.8170349782704,225775502701.29886
2026-07-20,HYPE,61.10952105053687,13593551046.815449
2026-07-20,LINK,8.378905469087426,6268258933.617202
2026-07-20,ONDO,0.34532516693031945,1681502418.5141954
2026-07-20,SYRUP,0.18069631544757683,224908636.81728452
2026-07-20,XMR,336.2480614459213,6314785122.071171
2026-07-21,AAVE,89.76685275168255,1383883605.6722877
2026-07-21,BNB,570.62038864161,75987186581.96228
2026-07-21,BTC,65184.92144270268,1307555290285.9756
2026-07-21,CC,0.1245308251706902,4872025002.818789
2026-07-21,ENA,0.08280187232677864,791663526.1993102
2026-07-21,ETH,1901.7735152870935,229511401059.90768
2026-07-21,HYPE,62.420928952626625,13885268114.038275
2026-07-21,LINK,8.5813178471838,6419683627.684731
2026-07-21,ONDO,0.3575589927768883,1741072961.638954
2026-07-21,SYRUP,0.1884905563154713,234609952.99676293
2026-07-21,XMR,337.2826543226522,6334360624.090735
2026-07-22,AAVE,95.56901273682537,1473424884.9057248
2026-07-22,BNB,573.5798653458507,76381265603.30496
2026-07-22,BTC,66520.98164575922,1334382819959.6755
2026-07-22,CC,0.12659276355705973,4953484268.711488
2026-07-22,ENA,0.08664737394798466,828430126.8558096
2026-07-22,ETH,1928.6558956703082,232755599657.75903
2026-07-22,HYPE,60.83236530675951,13531898939.481144
2026-07-22,LINK,8.650284794419546,6471277798.872086
2026-07-22,ONDO,0.40095214213736796,1952368553.689786
2026-07-22,SYRUP,0.18301294942068938,227792098.98200426
2026-07-22,XMR,357.2847708711701,6710168268.466282
2026-07-23,AAVE,97.37989153603958,1501348895.9437535
2026-07-23,BNB,570.7268313014563,76001306200.89668
2026-07-23,BTC,66077.05646514206,1325502184529.7004
2026-07-23,CC,0.12249532665411901,4794001247.300558
2026-07-23,ENA,0.09012073816818678,861638745.0798982
2026-07-23,ETH,1933.4132583162384,233329678635.40228
2026-07-23,HYPE,59.358305699739134,13204000697.609648
2026-07-23,LINK,8.625619417665229,6452825631.251662
2026-07-23,ONDO,0.41275345651163164,2009833055.4472697
2026-07-23,SYRUP,0.18031163831635047,224429837.8501633
2026-07-23,XMR,352.4183338161306,6618928565.269543
2026-07-24,AAVE,94.92358860630384,1463488243.4208064
2026-07-24,BNB,566.979485179163,75502260999.46046
2026-07-24,BTC,65052.47667067735,1304974799855.8557
2026-07-24,CC,0.12241263478841802,4791440871.27898
2026-07-24,ENA,0.08879535870342622,848966874.8535392
2026-07-24,ETH,1877.460607698635,226577108826.6929
2026-07-24,HYPE,57.50932232604686,12792702270.737455
2026-07-24,LINK,8.465340798973486,6332921201.348628
2026-07-24,ONDO,0.4011844555935161,1953499764.7215185
2026-07-24,SYRUP,0.17736905178920825,220767266.630063
2026-07-24,XMR,355.3301893170886,6673764975.671203
2026-07-25,AAVE,93.05559003753581,1434689774.8233833
2026-07-25,BNB,564.4208974926823,75161520102.47684
2026-07-25,BTC,64092.64739795451,1285752729182.6663
2026-07-25,CC,0.118933255353981,4656032265.79757
2026-07-25,ENA,0.087168848812473,833415915.4430035
2026-07-25,ETH,1860.4425012275274,224523247342.9193
2026-07-25,HYPE,57.4181410554771,12772419387.895378
2026-07-25,LINK,8.334763458130993,6235236296.526199
2026-07-25,ONDO,0.3837466363506232,1868589257.065254
2026-07-25,SYRUP,0.17222519531147748,214364824.24752408
2026-07-25,XMR,363.6211237703395,6829632354.795207
2026-07-26,AAVE,91.94827938580329,1417624665.334464
2026-07-26,BNB,568.4904389403061,75703423214.1959
2026-07-26,BTC,64318.24520120312,1290305361316.3142
2026-07-26,CC,0.1222928755966456,4788365280.654776
2026-07-26,ENA,0.08597992280188381,822048668.163636
2026-07-26,ETH,1874.4572768280736,226214537314.7256
2026-07-26,HYPE,58.1230275460614,12929218366.634619
2026-07-26,LINK,8.378350563606428,6267843808.843279
2026-07-26,ONDO,0.37819324850246644,1841547975.4215467
2026-07-26,SYRUP,0.17106763923634816,212924040.25449115
2026-07-26,XMR,364.1238274978883,6839227423.314004
2026-07-27,AAVE,101.39107310110445,1563216113.7644725
2026-07-27,BNB,574.7685101524539,76539425599.13585
2026-07-27,BTC,65343.824510845894,1310910033816.3235
2026-07-27,CC,0.12467954274308804,4882682720.9824915
2026-07-27,ENA,0.09021335519622024,862524250.696362
2026-07-27,ETH,1952.9020070235085,235681418276.19308
2026-07-27,HYPE,59.60600008370249,13259099251.722532
2026-07-27,LINK,8.816973553839162,6595977654.864061
2026-07-27,ONDO,0.4044461410476814,1969381989.6643598
2026-07-27,SYRUP,0.17432432639488168,216977565.46086773
2026-07-27,XMR,353.7562623791698,6644668089.036247
2026-07-28,AAVE,97.89647095782284,1509355730.4852536
2026-07-28,BNB,565.7349404125574,75336437940.50511
2026-07-28,BTC,63701.35288114535,1277986670016.6462
2026-07-28,CC,0.11972079558406702,4689317332.743305
2026-07-28,ENA,0.08212534950125666,785195333.7471712
2026-07-28,ETH,1890.4523208978708,228144769040.5725
2026-07-28,HYPE,56.04063871584801,12465999896.317785
2026-07-28,LINK,8.372250656520407,6263280468.532632
2026-07-28,ONDO,0.3938765696515707,1917915251.7396233
2026-07-28,SYRUP,0.16702695014735233,207894685.49118286
2026-07-28,XMR,345.4880426903682,6489497073.573812
2026-07-29,AAVE,100.79219595328148,1554068120.136896
2026-07-29,BNB,570.7450174787834,76003579327.56421
2026-07-29,BTC,63881.94327943538,1281635447724.1555
2026-07-29,CC,0.11921572087487275,4671212497.489238
2026-07-29,ENA,0.08338346235866588,797224072.1448071
2026-07-29,ETH,1920.4888660862466,231769590224.5733
2026-07-29,HYPE,55.13403033582375,12264328747.837688
2026-07-29,LINK,8.440619659190784,6314427317.408319
2026-07-29,ONDO,0.40590124506182035,1976467372.2349792
2026-07-29,SYRUP,0.1670160802433182,207881155.96628582
2026-07-29,XMR,341.69930383240126,6418471488.007383
2026-07-30,AAVE,95.97174614738235,1479747160.5641243
2026-07-30,BNB,571.3881477127459,76089196160.83435
2026-07-30,BTC,63916.59794922001,1282357106740.2524
2026-07-30,CC,0.1220589853754644,4783620262.340277
2026-07-30,ENA,0.0780469515853426,746202026.1729865
2026-07-30,ETH,1908.7417326276595,230351833088.13193
2026-07-30,HYPE,53.875074883781444,11984279503.320602
2026-07-30,LINK,8.324433011710834,6227508089.864802
2026-07-30,ONDO,0.4030735059238614,1962698175.3887942
2026-07-30,SYRUP,0.1654572708738882,205940941.02904087
2026-07-30,XMR,353.30914384944464,6636710066.544762
2026-07-31,AAVE,99.43447724028134,1533160175.0669267
2026-07-31,BNB,591.696782304102,78793550463.08768
2026-07-31,BTC,64743.33714554026,1298974060219.3184
2026-07-31,CC,0.12102173702070936,4743811640.642879
2026-07-31,ENA,0.08106264587239523,775034890.7706038
2026-07-31,ETH,1917.5713635462077,231417322457.43652
2026-07-31,HYPE,55.842186998534295,12421855162.350695
2026-07-31,LINK,8.448103949823558,6320026315.009349
2026-07-31,ONDO,0.4155973351765416,2023680840.9866652
2026-07-31,SYRUP,0.16322346789734832,203160576.74143738
2026-07-31,XMR,360.08481958441024,6764129200.997495
2026-08-01,AAVE,93.6548582567059,1444344745.0921807
2026-08-01,BNB,586.460926871725,78096243728.62369
2026-08-01,BTC,62820.08613814001,1260419444191.851
2026-08-01,CC,0.1177303478682917,4618513180.251853
2026-08-01,ENA,0.08029738546835226,767718283.8763242
2026-08-01,ETH,1860.5923268286904,224540624044.67694
2026-08-01,HYPE,52.52383102179503,11683701097.552734
2026-08-01,LINK,8.163687259142616,6107254197.122593
2026-08-01,ONDO,0.3896302814987189,1897238670.7009492
2026-08-01,SYRUP,0.15879931530577687,197653933.58727375
2026-08-01,XMR,358.06581458515626,6726370340.672381
2026-08-02,AAVE,90.56920676767379,1396761805.9865
2026-08-02,BNB,574.7197907128979,76532663224.65858
2026-08-02,BTC,62772.57726413174,1259498179475.967
2026-08-02,CC,0.11640581707672806,4567328002.750138
2026-08-02,ENA,0.07917494620394785,756986712.2218077
2026-08-02,ETH,1843.443563411847,222470943765.64313
2026-08-02,HYPE,52.15632485410943,11601950925.65526
2026-08-02,LINK,8.061001591420974,6030435052.136973
2026-08-02,ONDO,0.37981758393076637,1849457401.7035754
2026-08-02,SYRUP,0.15631626729914952,194563339.62060013
2026-08-02,XMR,363.81402979019686,6834522933.253898
2026-08-03,AAVE,92.05702552089579,1419707490.1028545
2026-08-03,BNB,587.8165386223066,78276628849.27635
2026-08-03,BTC,63504.41559755184,1274211082116.0454
2026-08-03,CC,0.11669633478883429,4579544681.519589
2026-08-03,ENA,0.08925806411628377,853390772.3867819
2026-08-03,ETH,1882.9305589557664,227236303688.18417
2026-08-03,HYPE,52.550690257877115,11689675819.5025
2026-08-03,LINK,8.374211961339652,6264747720.609903
2026-08-03,ONDO,0.3789862560785269,1845409391.514961
2026-08-03,SYRUP,0.15466623243168776,192509578.35921195
2026-08-03,XMR,364.13127302605653,6840624380.167062
2026-08-04,AAVE,92.30655854923482,1423564889.5248032
2026-08-04,BNB,588.7857285137491,78405608250.00664
2026-08-04,BTC,63465.19968911304,1273453221607.5356
2026-08-04,CC,0.11464093332172634,4499693585.747959
2026-08-04,ENA,0.0928693249600061,887917811.6098083
2026-08-04,ETH,1858.5376969949996,224292495927.8464
2026-08-04,HYPE,53.96196548107723,12003607944.282393
2026-08-04,LINK,8.179499617997278,6119083422.314114
2026-08-04,ONDO,0.37146558147216285,1808788740.168078
2026-08-04,SYRUP,0.1580828375534743,196762149.8550978
2026-08-04,XMR,361.98364332763555,6800435281.332258
2026-08-05,AAVE,90.41634479297744,1394414706.3939865
2026-08-05,BNB,592.7340551303326,78931324915.13223
2026-08-05,BTC,64062.173729779366,1285462929668.2993
2026-08-05,CC,0.10875689982397645,4269417636.137114
2026-08-05,ENA,0.09226203180175445,882111519.6795866
2026-08-05,ETH,1868.621381582403,225509357776.2601
2026-08-05,HYPE,55.03066958367837,12241336591.519466
2026-08-05,LINK,8.14340732535387,6092082779.255013
2026-08-05,ONDO,0.3736347093793997,1819350941.1640491
2026-08-05,SYRUP,0.15589543223049884,194039535.6825913
2026-08-05,XMR,351.07100922807496,6595573319.127175
2026-08-06,AAVE,89.78177362451143,1384633968.1465733
2026-08-06,BNB,593.3339657484953,79011149243.78566
2026-08-06,BTC,64608.705388357404,1296457212673.4585
2026-08-06,CC,0.1036532312997537,4070788701.8929234
2026-08-06,ENA,0.09229237998382742,907061047.0285538
2026-08-06,ETH,1907.4360439632449,230193525056.68658
2026-08-06,HYPE,56.91930800156555,12661456113.014238
2026-08-06,LINK,8.153587762455743,6099698763.949837
2026-08-06,ONDO,0.37347476380256084,1818572113.2648957
2026-08-06,SYRUP,0.16034637641364713,199579525.72777915
2026-08-06,XMR,366.12173303285016,6878494141.072556
2026-08-07,AAVE,89.6379175266904,1382428563.9309688
2026-08-07,BNB,591.7111094655114,78794994881.90898
2026-08-07,BTC,64262.74830979173,1289540648880.6145
2026-08-07,CC,0.09155044680896222,3596037585.287248
2026-08-07,ENA,0.09267816788503981,910852618.7451569
2026-08-07,ETH,1902.1622720657638,229557018282.317
2026-08-07,HYPE,56.15208024316271,12490789586.438814
2026-08-07,LINK,8.184246030930785,6122634213.689294
2026-08-07,ONDO,0.3586523264269941,1746396764.6888103
2026-08-07,SYRUP,0.15288008097290423,190286395.84024823
2026-08-07,XMR,369.5125458020106,6942357377.599132
2026-08-08,AAVE,89.86933659259826,1386007669.1688333
2026-08-08,BNB,592.184743678635,78858021399.17555
2026-08-08,BTC,64879.7560855934,1301953613966.186
2026-08-08,CC,0.0909729600819274,3573964403.1570144
2026-08-08,ENA,0.09136128676130217,897910146.450923
2026-08-08,ETH,1912.9851571036106,230863088055.06393
2026-08-08,HYPE,54.07923895271614,12029694925.423063
2026-08-08,LINK,8.18149643835447,6120577243.564273
2026-08-08,ONDO,0.3477044183657027,1693087780.4454257
2026-08-08,SYRUP,0.15024663815334366,187008608.83492622
2026-08-08,XMR,378.4759806983215,7110921411.276925
2026-08-09,AAVE,91.19198380519849,1406410181.708138
2026-08-09,BNB,600.3274383374521,79942295292.19493
2026-08-09,BTC,64917.23929330571,1302733775497.4954
2026-08-09,CC,0.09448589828455523,3712724182.618767
2026-08-09,ENA,0.09021501861419184,886644479.8176042
2026-08-09,ETH,1915.447810935271,231160234746.49893
2026-08-09,HYPE,55.099757573596726,12256704918.770803
2026-08-09,LINK,8.300855396756871,6209869676.815054
2026-08-09,ONDO,0.35177310700965503,1712899570.7525237
2026-08-09,SYRUP,0.1509853116905524,187928019.1610035
2026-08-09,XMR,377.47595909840817,7092297354.741476
2026-08-10,AAVE,90.577292562825,1396933646.3297987
2026-08-10,BNB,601.8372782085524,80143309715.78165
2026-08-10,BTC,64856.097825382276,1301536386806.1301
2026-08-10,CC,0.10058310942626371,3953028738.7353134
2026-08-10,ENA,0.08649195247855629,850053720.453311
2026-08-10,ETH,1908.940734099038,230374924394.0449
2026-08-10,HYPE,53.854096460729586,11979612943.024683
2026-08-10,LINK,8.18136301108558,6120477426.628362
2026-08-10,ONDO,0.3479837104265316,1694447745.8366838
2026-08-10,SYRUP,0.1494937118778341,186071458.4462793
2026-08-10,XMR,394.4624502353612,7411622511.750801
2026-08-11,AAVE,89.21359135288522,1375903332.9372108
2026-08-11,BNB,598.6196895758089,79714775795.66309
2026-08-11,BTC,63915.71213556821,1282693235981.1963
2026-08-11,CC,0.09754375659666596,3834301112.4001274
2026-08-11,ENA,0.08789408183880279,863834023.0719837
2026-08-11,ETH,1871.3976551883159,225844119567.10123
2026-08-11,HYPE,55.044008660772946,12244303812.04886
2026-08-11,LINK,8.290285880741026,6201962622.196195
2026-08-11,ONDO,0.33955955852076086,1653427764.7869308
2026-08-11,SYRUP,0.15077241195235935,187663027.6487131
2026-08-11,XMR,396.96074130769574,7458744340.33164
2026-08-12,AAVE,88.21430951242031,1360495311.7977967
2026-08-12,BNB,616.2792086001098,82066338870.56691
2026-08-12,BTC,63537.55988964766,1275130714721.0269
2026-08-12,CC,0.1005980294686042,3955261437.018411
2026-08-12,ENA,0.09006065046763016,885127330.3771777
2026-08-12,ETH,1880.4862005694617,226940902767.18845
2026-08-12,HYPE,54.442530206647206,12110507507.82065
2026-08-12,LINK,8.770230908898725,6561009483.56654
2026-08-12,ONDO,0.3354116684277927,1633230316.4368532
2026-08-12,SYRUP,0.14994063564628923,175008594.1966666
2026-08-12,XMR,377.1738335746389,7087116840.7749195
2026-08-13,AAVE,87.90515087759738,1355733855.6943781
2026-08-13,BNB,609.7518356234225,81197069157.94038
2026-08-13,BTC,63408.625697113624,1272571233715.507
2026-08-13,CC,0.09878582810604492,3884653627.37709
2026-08-13,ENA,0.08671056902116711,852202311.161158
2026-08-13,ETH,1877.743530062547,226609870971.63812
2026-08-13,HYPE,56.03290568706601,12464279717.208416
2026-08-13,LINK,8.663602355113161,6481240665.633111
2026-08-13,ONDO,0.33017330370961523,1607722986.5744681
2026-08-13,SYRUP,0.14865767553974985,173511141.2634569
2026-08-13,XMR,392.7624679440011,7380196620.503113
2026-08-14,AAVE,87.84782822475037,1354852693.8865726
2026-08-14,BNB,610.1020086104093,81243646680.20961
2026-08-14,BTC,63429.17906286841,1273011889393.6423
2026-08-14,CC,0.0978495491458292,3850154416.8210363
2026-08-14,ENA,0.08592052812728422,844437690.5009652
2026-08-14,ETH,1884.3941576877892,227412442314.981
2026-08-14,HYPE,57.44689030791704,12778814535.883476
2026-08-14,LINK,8.879252170934992,6642568286.471554
2026-08-14,ONDO,0.3345125389177763,1628852157.5581086
2026-08-14,SYRUP,0.15395519847721675,179694335.2856414
2026-08-14,XMR,393.1050548864613,7386801456.2569685
2026-08-15,AAVE,86.37995999337942,1332215213.5743256
2026-08-15,BNB,607.3786579534091,80880950464.85667
2026-08-15,BTC,62984.28959582886,1264110816166.4216
2026-08-15,CC,0.0973157051765853,3829718173.432291
2026-08-15,ENA,0.08458250661701265,831287447.8453275
2026-08-15,ETH,1880.3285280890423,226921756396.83118
2026-08-15,HYPE,56.463034999474225,12559960139.251282
2026-08-15,LINK,8.964644606125617,6706450364.71217
2026-08-15,ONDO,0.3271727255953029,1593112179.6037297
2026-08-15,SYRUP,0.1524126216947485,177893861.43159539
2026-08-15,XMR,399.75959326714917,7512017779.271359
2026-08-16,AAVE,86.1325782078518,1328402157.6479986
2026-08-16,BNB,607.2084998624916,80858237011.43767
2026-08-16,BTC,63031.04825975698,1265078583959.118
2026-08-16,CC,0.09911424874581126,3900892882.3093033
2026-08-16,ENA,0.0838974377459994,824554505.3474004
2026-08-16,ETH,1880.9591561894488,226997824776.81827
2026-08-16,HYPE,56.865841481714526,12649562714.826918
2026-08-16,LINK,9.461856212482699,7078414352.722812
2026-08-16,ONDO,0.32338181384146436,1574652976.820691
2026-08-16,SYRUP,0.16076310195705962,187640424.1647396
2026-08-16,XMR,410.5639037272684,7715220130.76427
2026-08-17,AAVE,85.94219943917633,1325468404.0952961
2026-08-17,BNB,602.4629221231862,80226236712.24767
2026-08-17,BTC,62843.70368466329,1261349110988.947
2026-08-17,CC,0.0960815915357449,3782058022.851243
2026-08-17,ENA,0.08231050586125944,808957940.4176905
2026-08-17,ETH,1874.401898191962,226206460858.21567
2026-08-17,HYPE,57.1155488189019,12705109041.757116
2026-08-17,LINK,9.38323578770609,7019598415.272638
2026-08-17,ONDO,0.3303558110470325,1608611675.1458564
2026-08-17,SYRUP,0.16266829617166745,189864139.9688842
2026-08-17,XMR,409.8815731954537,7702571806.123156
2026-08-18,AAVE,89.24808392965572,1376460798.535294
2026-08-18,BNB,605.2680900981287,80599713656.30406
2026-08-18,BTC,64491.345282946255,1294439197690.8708
2026-08-18,CC,0.09051839499501885,3563630499.4208293
2026-08-18,ENA,0.0831442905728637,817152480.7864261
2026-08-18,ETH,1912.2734691708965,230776857469.4575
2026-08-18,HYPE,59.418878407478786,13217474836.836199
2026-08-18,LINK,9.535397063971663,7133430261.546726
2026-08-18,ONDO,0.33607955110174786,1636482458.0097435
2026-08-18,SYRUP,0.1658410312444875,193567311.57716355
2026-08-18,XMR,415.34769564668096,7805477120.321077
2026-08-19,AAVE,87.49183970362333,1349383723.1931388
2026-08-19,BNB,603.5021332341098,80364477290.6195
2026-08-19,BTC,64686.25782561655,1298351388299.5034
2026-08-19,CC,0.09126315930872346,3593687007.0490546
2026-08-19,ENA,0.08269090736599788,812696573.956448
2026-08-19,ETH,1916.3998901478055,231274812706.7942
2026-08-19,HYPE,58.515277414221124,13016472668.652895
2026-08-19,LINK,9.529138725304293,7128748398.574758
2026-08-19,ONDO,0.32601458799099026,1587472824.673607
2026-08-19,SYRUP,0.15760276365969245,183951721.8978448
2026-08-19,XMR,412.4171935215203,7750587387.619912
2026-08-20,AAVE,95.27985956325321,1469501917.9916918
2026-08-20,BNB,627.053410537708,83500579548.04039
2026-08-20,BTC,69291.0104297816,1390775763079.549
2026-08-20,CC,0.09927532380188554,3909762795.4500933
2026-08-20,ENA,0.09330779251035991,917040648.265881
2026-08-20,ETH,2251.7346140069594,271743603539.60367
2026-08-20,HYPE,69.60371847729914,15483048858.898315
2026-08-20,LINK,10.547425632883014,7890528804.018446
2026-08-20,ONDO,0.34703603323392274,1689833192.2392504
2026-08-20,SYRUP,0.16418714497207795,191636918.8570849
2026-08-20,XMR,422.14659692353797,7933616430.241208
2026-08-21,AAVE,99.18495731628363,1529737213.565813
2026-08-21,BNB,654.5882397830208,87167128808.79243
2026-08-21,BTC,73020.94563440893,1465641224678.0603
2026-08-21,CC,0.0996141490575293,3923785176.59341
2026-08-21,ENA,0.11681764971753443,1148098463.6301432
2026-08-21,ETH,2326.5282334236576,280769475212.28674
2026-08-21,HYPE,73.65504241313437,16384248504.750845
2026-08-21,LINK,10.688653798526964,7996181590.559845
2026-08-21,ONDO,0.35566276690686405,1731839610.8964105
2026-08-21,SYRUP,0.1797558653867893,209808509.64350164
2026-08-21,XMR,410.2195440730022,7709638757.761852
2026-08-22,AAVE,122.57691190866052,1890521021.3194044
2026-08-22,BNB,686.7913034093192,91455323092.65411
2026-08-22,BTC,78317.77716345884,1571956674056.353
2026-08-22,CC,0.1127222656090311,4440885578.45893
2026-08-22,ENA,0.1421804262585641,1397367001.8224504
2026-08-22,ETH,2514.967577695514,303510532650.1589
2026-08-22,HYPE,75.5007190357601,16794811359.020775
2026-08-22,LINK,11.992351770358374,8971478004.729904
2026-08-22,ONDO,0.3969475338902824,1932868792.0230234
2026-08-22,SYRUP,0.2064656712106395,241001588.5376773
2026-08-22,XMR,412.60731006532353,7754697212.522364
2026-08-23,AAVE,126.57098136158443,1952140064.2871823
2026-08-23,BNB,695.3707581774437,92597724688.71184
2026-08-23,BTC,77081.02299000922,1547133140402.384
2026-08-23,CC,0.11821225873065755,4657967430.028475
2026-08-23,ENA,0.15822037630987432,1555009635.9204836
2026-08-23,ETH,2423.4127407436827,292461262953.4871
2026-08-23,HYPE,79.48789117465992,17681740712.594868
2026-08-23,LINK,11.6487287426664,8714413627.87623
2026-08-23,ONDO,0.3639951454721649,1772412717.2068357
2026-08-23,SYRUP,0.1930254516119068,225313197.07484078
2026-08-23,XMR,432.76430553934085,8133723889.852734
2026-08-24,AAVE,141.53047916466082,2182919350.524116
2026-08-24,BNB,702.2079977923269,93508128286.72488
2026-08-24,BTC,77712.3200924702,1559804231557.777
2026-08-24,CC,0.12294674862840806,4845304745.666339
2026-08-24,ENA,0.1613523076063874,1585790648.1940262
2026-08-24,ETH,2462.403924751607,297166690282.8374
2026-08-24,HYPE,82.24197935859156,18294375825.292698
2026-08-24,LINK,11.539971413729232,8633052273.314844
2026-08-24,ONDO,0.3827190790161709,1863585740.6450555
2026-08-24,SYRUP,0.20089038341014218,234493711.42379248
2026-08-24,XMR,421.5359291526638,7922866464.828269
2026-08-25,AAVE,132.26792426346202,2040076467.5147207
2026-08-25,BNB,704.0935851533615,93759158273.3195
2026-08-25,BTC,78973.88693602335,1585379062421.7615
2026-08-25,CC,0.12396615653575341,4886346300.159801
2026-08-25,ENA,0.1526906647709,1500662939.7015014
2026-08-25,ETH,2481.879430655568,299516952709.2971
2026-08-25,HYPE,78.88139071087618,17546827283.842194
2026-08-25,LINK,11.622243243631315,8694599826.831394
2026-08-25,ONDO,0.3816498968980179,1858379539.389909
2026-08-25,SYRUP,0.19992798935047248,233370335.8242576
2026-08-25,XMR,442.3756562998309,8314742729.327172
2026-08-26,AAVE,126.55865715988429,1952033261.4043002
2026-08-26,BNB,694.1699264358065,92437627899.72333
2026-08-26,BTC,78511.2331116067,1576126744181.299
2026-08-26,CC,0.11971030960292318,4719334624.739096
2026-08-26,ENA,0.14290361191895998,1404474560.8910286
2026-08-26,ETH,2442.0111121033965,294705081780.14966
2026-08-26,HYPE,79.63682165166213,17714869658.899025
2026-08-26,LINK,11.289692886366849,8445818914.397062
2026-08-26,ONDO,0.36390551916824304,1771976297.0983717
2026-08-26,SYRUP,0.19645416524727188,229315438.35746422
2026-08-26,XMR,439.1633633738462,8254558439.49554
2026-08-27,AAVE,127.03944104789713,1959491329.4957275
2026-08-27,BNB,707.47963722231,94209926824.00847
2026-08-27,BTC,79018.03405750773,1586333891398.6638
2026-08-27,CC,0.11756540510863105,4635028760.847985
2026-08-27,ENA,0.14768379449900956,1451454792.8105783
2026-08-27,ETH,2506.3431057180687,302468671992.12006
2026-08-27,HYPE,82.29827261632104,18306898019.20589
2026-08-27,LINK,11.620156171374404,8693038488.137724
2026-08-27,ONDO,0.3750132684737065,1826063601.2106578
2026-08-27,SYRUP,0.1941672994283472,226646044.01262382
2026-08-27,XMR,437.6054634145757,8225462151.491453
2026-08-28,AAVE,128.09827557228118,1975918834.5329118
2026-08-28,BNB,712.0503878732537,94818515286.79863
2026-08-28,BTC,80268.37474707834,1611476640675.1921
2026-08-28,CC,0.11213415719918811,4421683948.057646
2026-08-28,ENA,0.17000615068266245,1670841699.678042
2026-08-28,ETH,2511.461241063819,303086274935.40906
2026-08-28,HYPE,84.67784032156108,18836222656.585777
2026-08-28,LINK,11.922977316780116,8919578978.059767
2026-08-28,ONDO,0.3771729121540857,1836579620.3701284
2026-08-28,SYRUP,0.1887520544088248,220324980.3492404
2026-08-28,XMR,454.8057382361866,8548956382.367737
2026-08-29,AAVE,122.19076192506826,1884798899.998158
2026-08-29,BNB,691.3170654968901,92057558080.44176
2026-08-29,BTC,77820.76428719184,1562365617022.764
2026-08-29,CC,0.11176280650118979,4407995527.378719
2026-08-29,ENA,0.16257596115034192,1597816868.180704
2026-08-29,ETH,2442.407614756763,294752696360.4463
2026-08-29,HYPE,80.91518839472283,17999236861.9078
2026-08-29,LINK,11.431709761370778,8552061734.387336
2026-08-29,ONDO,0.35624206948331594,1734660426.6858137
2026-08-29,SYRUP,0.1769157285715568,206508769.09966704
2026-08-29,XMR,471.94105430060944,8871242427.237305
2026-08-30,AAVE,126.76906677228531,1955421710.7180185
2026-08-30,BNB,692.5269789000138,92218632138.09683
2026-08-30,BTC,78225.13950818499,1570516817114.2285
2026-08-30,CC,0.11804653505810123,4656585435.91455
2026-08-30,ENA,0.15947156146485272,1567306440.0217557
2026-08-30,ETH,2457.089335222437,296524419464.6924
2026-08-30,HYPE,83.39354722583167,18550537161.825756
2026-08-30,LINK,11.455810210166169,8570091279.418394
2026-08-30,ONDO,0.35308385166361944,1719282019.8664641
2026-08-30,SYRUP,0.17612493006949373,205585692.18284646
2026-08-30,XMR,470.5135041645207,8844625357.414417
2026-08-31,AAVE,122.39963778289504,1888025935.199072
2026-08-31,BNB,684.4778619473124,91146746706.21725
2026-08-31,BTC,77658.23133225394,1559173121661.4866
2026-08-31,CC,0.11589759446473591,4572640413.22128
2026-08-31,ENA,0.1481132697797233,1455675729.553843
2026-08-31,ETH,2416.2418165172735,291594867605.8527
2026-08-31,HYPE,80.04674481669237,17806055310.059708
2026-08-31,LINK,11.141848097151453,8335216231.957551
2026-08-31,ONDO,0.34436481657098905,1676826155.0776505
2026-08-31,SYRUP,0.1731323091027118,202092489.64386457
2026-08-31,XMR,486.8736878780351,9152369914.534565
2026-09-01,AAVE,124.060150646295,1913702098.6486957
2026-09-01,BNB,691.1406186921491,92033925034.51988
2026-09-01,BTC,78552.77932895812,1577171863083.2737
2026-09-01,CC,0.12065111186785203,4761046476.908425
2026-09-01,ENA,0.14948383560620904,1469145821.8172731
2026-09-01,ETH,2466.565659094493,297667970873.7225
2026-09-01,HYPE,84.15758977730303,18720495152.770832
2026-09-01,LINK,11.31926701206514,8467943316.957295
2026-09-01,ONDO,0.34588801742787245,1684243123.6916094
2026-09-01,SYRUP,0.18696362536847663,218237397.27945685
2026-09-01,XMR,520.61378590197,9786854685.462133
2026-09-02,AAVE,127.83643026325107,1972106745.7813265
2026-09-02,BNB,682.6728558958649,90906286027.554
2026-09-02,BTC,77416.44110979848,1554389755370.4558
2026-09-02,CC,0.11349423650279973,4479434011.402083
2026-09-02,ENA,0.15931795974490448,1565796823.1178894
2026-09-02,ETH,2417.6758884733536,291767768408.91174
2026-09-02,HYPE,82.7587329499327,18409325446.918953
2026-09-02,LINK,11.229814037883376,8401023549.6175
2026-09-02,ONDO,0.34043427943469434,1657687070.140719
2026-09-02,SYRUP,0.19337422583988684,225720311.45124692
2026-09-02,XMR,504.85685272019606,9490874874.404726
2026-09-03,AAVE,127.13435878564,1961280767.8225002
2026-09-03,BNB,688.2301302750734,91646261467.71768
2026-09-03,BTC,77297.13347191992,1552036311658.5237
2026-09-03,CC,0.10947136325610629,4321334298.629257
2026-09-03,ENA,0.14910636592243262,1465436002.581408
2026-09-03,ETH,2390.783044679688,291704729861.0524
2026-09-03,HYPE,81.91625318946932,18221919435.009663
2026-09-03,LINK,11.109744202352955,8311199309.208272
2026-09-03,ONDO,0.34822006065512945,1695598613.2482207
2026-09-03,SYRUP,0.20398199689606428,238102465.15453538
2026-09-03,XMR,494.0331939245661,9287610440.092842
2026-09-04,AAVE,132.746696804198,2047876771.0906403
2026-09-04,BNB,725.0807755091299,96553310523.96552
2026-09-04,BTC,81264.70153038795,1631720768263.5881
2026-09-04,CC,0.11299977782495767,4463055509.611003
2026-09-04,ENA,0.16841290154093247,1655183047.956977
2026-09-04,ETH,2507.6482840896088,305971011968.8528
2026-09-04,HYPE,87.4499182124614,19452859502.49624
2026-09-04,LINK,11.832704231146355,8852045685.366987
2026-09-04,ONDO,0.3629064957420542,1767111721.7121594
2026-09-04,SYRUP,0.21296193386585138,248584493.77458125
2026-09-04,XMR,520.419089447241,9783853699.934965
2026-09-05,AAVE,130.3739032765341,2011302162.5787294
2026-09-05,BNB,721.4302698070193,96067128580.68669
2026-09-05,BTC,79671.25767420157,1599775191734.4382
2026-09-05,CC,0.10726477525705348,4237295895.512557
2026-09-05,ENA,0.1627970751076345,1599990003.7922204
2026-09-05,ETH,2456.085066364875,299686660200.51276
2026-09-05,HYPE,84.42714870960482,18780457381.951767
2026-09-05,LINK,11.631341842390773,8701406488.294252
2026-09-05,ONDO,0.3575150740778122,1740859106.9715662
2026-09-05,SYRUP,0.21713246013032023,253452632.1381239
2026-09-05,XMR,520.5977490183706,9787461435.74337
2026-09-06,AAVE,134.42213792855452,2073761075.8126853
2026-09-06,BNB,766.4092879330625,102056534900.45511
2026-09-06,BTC,79821.69873179746,1602832641649.6875
2026-09-06,CC,0.10901157087439357,4309877704.584674
2026-09-06,ENA,0.17193292376015662,1735716594.3974562
2026-09-06,ETH,2480.0031686031184,302612300112.52106
2026-09-06,HYPE,85.41048085336173,18999195402.84183
2026-09-06,LINK,12.047500928730749,9012735088.477236
2026-09-06,ONDO,0.3703100911476005,1803162275.7183745
2026-09-06,SYRUP,0.21377678374038253,249535645.18406367
2026-09-06,XMR,555.6684591165193,10447037571.98496
2026-09-07,AAVE,136.82613673531023,2110855995.6107893
2026-09-07,BNB,752.7225340647433,100233889870.06238
2026-09-07,BTC,80329.3478460037,1613068250021.681
2026-09-07,CC,0.11065412616828846,4375460378.654245
2026-09-07,ENA,0.17616469272611565,1778437624.5366144
2026-09-07,ETH,2514.0092688310365,306769108939.70807
2026-09-07,HYPE,87.951916819731,19564526941.15455
2026-09-07,LINK,13.237155745219605,9902715821.50837
2026-09-07,ONDO,0.38720751565866973,1885441422.745493
2026-09-07,SYRUP,0.22466897773528527,262249797.80827406
2026-09-07,XMR,539.3816820360576,10141051140.903261
2026-09-08,AAVE,132.00900941159358,2036561429.3508909
2026-09-08,BNB,739.6790807862191,98496890803.06894
2026-09-08,BTC,79093.4641898418,1588284950144.5952
2026-09-08,CC,0.10551239371724369,4172812479.3060784
2026-09-08,ENA,0.16403690003492655,1656003767.3838444
2026-09-08,ETH,2489.3967543757462,303773075685.29297
2026-09-08,HYPE,85.14226404986216,18939531724.460686
2026-09-08,LINK,12.742965020959987,9533011755.305498
2026-09-08,ONDO,0.38336025348016983,1866707831.1126795
2026-09-08,SYRUP,0.22040163689250264,257268650.5022258
2026-09-08,XMR,518.8243329591086,9754776030.389683
2026-09-09,AAVE,128.83269451451525,1987564979.41406
2026-09-09,BNB,752.1250045522248,100154048380.37332
2026-09-09,BTC,78450.75303870205,1575415387009.9504
2026-09-09,CC,0.10720957347428024,4240629713.1387787
2026-09-09,ENA,0.15929045419730029,1608086913.388683
2026-09-09,ETH,2485.0697039871584,303252321699.8239
2026-09-09,HYPE,85.13585872556894,18938106887.524403
2026-09-09,LINK,12.510020760613248,9358746161.029455
2026-09-09,ONDO,0.37486225517696703,1825328267.53674
2026-09-09,SYRUP,0.2258204303031293,263593856.10304543
2026-09-09,XMR,500.07084299402715,9402394066.986021
2026-09-10,AAVE,125.78963329921156,1940622145.732977
2026-09-10,BNB,722.659278470706,96230252150.69545
2026-09-10,BTC,78283.06047169256,1572081359789.2556
2026-09-10,CC,0.10492789801566983,4151174380.465021
2026-09-10,ENA,0.1520837563306093,1535333046.3313541
2026-09-10,ETH,2467.529167979314,301119066908.05597
2026-09-10,HYPE,83.56327349297841,18588292042.518353
2026-09-10,LINK,11.80498523618216,8831309106.054066
2026-09-10,ONDO,0.35953599638750827,1750699645.9093754
2026-09-10,SYRUP,0.21281626912004997,248414463.40136603
2026-09-10,XMR,512.7353245043776,9640751907.911882
2026-09-11,AAVE,120.62792848738104,1860992803.9526658
2026-09-11,BNB,708.4278492036368,94335084774.34198
2026-09-11,BTC,76554.98664973286,1537413069633.6875
2026-09-11,CC,0.09797361775757936,3876639568.8857
2026-09-11,ENA,0.14289204926920415,1442539891.1380126
2026-09-11,ETH,2437.514812545618,297463477324.3543
2026-09-11,HYPE,78.55683866615372,17474632072.499683
2026-09-11,LINK,11.466747314481822,8578273326.833468
2026-09-11,ONDO,0.3425407605326032,1667944223.1080928
2026-09-11,SYRUP,0.21917115815308072,255832347.17333013
2026-09-11,XMR,508.23449234621546,9556334707.182032
2026-09-12,AAVE,124.9936749048388,1928348155.2279181
2026-09-12,BNB,726.5133783587984,96743305886.01733
2026-09-12,BTC,77203.53444805603,1550479277152.1194
2026-09-12,CC,0.09766248913185643,3864892434.7825584
2026-09-12,ENA,0.1403233235870782,1416607802.6501753
2026-09-12,ETH,2514.846819245876,306908073951.8628
2026-09-12,HYPE,79.43409442510534,17669773856.22533
2026-09-12,LINK,11.546360706163469,8637832102.795933
2026-09-12,ONDO,0.35057480017802267,1707064618.5727468
2026-09-12,SYRUP,0.21504078804726337,251011081.9677698
2026-09-12,XMR,521.8294792256389,9812174191.978794
2026-09-13,AAVE,125.54545068666184,1936862140.2554252
2026-09-13,BNB,727.3861457483952,96859472504.02072
2026-09-13,BTC,77261.62722069985,1551683581240.4167
2026-09-13,CC,0.09824079345228688,3888323940.802009
2026-09-13,ENA,0.14237436516719906,1437313708.3519893
2026-09-13,ETH,2525.267261590238,308187084056.6601
2026-09-13,HYPE,79.64729159503673,17717198652.929306
2026-09-13,LINK,11.502007742833564,8604651652.240576
2026-09-13,ONDO,0.3487204185919781,1698035021.4845877
2026-09-13,SYRUP,0.2209544979747009,257913989.74079832
2026-09-13,XMR,538.6831733297797,10129291859.192905
2026-09-14,AAVE,124.4183448129169,1919478473.6148384
2026-09-14,BNB,716.2705332128485,95379268441.53787
2026-09-14,BTC,76819.04496746542,1542831471374.2715
2026-09-14,CC,0.0946443616766178,3746558633.9580803
2026-09-14,ENA,0.13620072177140474,1374988849.0078845
2026-09-14,ETH,2476.682526163658,302264990103.7054
2026-09-14,HYPE,77.35641421753034,17207602798.8336
2026-09-14,LINK,11.208686939570802,8385218367.9946995
2026-09-14,ONDO,0.3429488208283431,1669931203.611963
2026-09-14,SYRUP,0.21088972724649407,246165665.09417608
2026-09-14,XMR,518.0870687212042,9742257011.340513
2026-09-15,AAVE,128.20495737801633,1977908950.4296176
2026-09-15,BNB,720.3078906850645,95916806180.87665
2026-09-15,BTC,78173.35158344489,1570066504182.9238
2026-09-15,CC,0.09659631813374067,3824421390.4564266
2026-09-15,ENA,0.14318325499672668,1445479703.9591424
2026-09-15,ETH,2514.759550467769,306919471184.89514
2026-09-15,HYPE,80.33762750791395,17870760918.0203
2026-09-15,LINK,11.514639932652168,8614101793.070274
2026-09-15,ONDO,0.35467774793136103,1727043227.8111172
2026-09-15,SYRUP,0.2137483830935496,249502493.905393
2026-09-15,XMR,514.5424120955465,9675840909.215528
2026-09-16,AAVE,122.15005575810984,1884501226.2551422
2026-09-16,BNB,711.7407947281655,94775924586.81496
2026-09-16,BTC,75590.24471973324,1518224622698.2222
2026-09-16,CC,0.09077045047943234,3594268147.177769
2026-09-16,ENA,0.13956582809888024,1408960648.979477
2026-09-16,ETH,2397.4972601650115,292614926206.1527
2026-09-16,HYPE,76.91913911509157,17110332826.424763
2026-09-16,LINK,10.88182146485707,8140690316.028442
2026-09-16,ONDO,0.3283157645282996,1598678014.1108847
2026-09-16,SYRUP,0.19759067809185338,230642057.9321933
2026-09-16,XMR,506.6959884092903,9528478132.907679
2026-09-17,AAVE,119.44762227067375,1842810992.6044004
2026-09-17,BNB,725.3662125514248,96590207902.52304
2026-09-17,BTC,76146.81236783884,1529436748434.9944
2026-09-17,CC,0.10029893407330234,3972133850.296287
2026-09-17,ENA,0.14860521130158866,1500216047.2180693
2026-09-17,ETH,2415.9596535242995,294875323390.85944
2026-09-17,HYPE,78.23230150727812,17402440172.45001
2026-09-17,LINK,11.048076054907668,8265065369.928295
2026-09-17,ONDO,0.3470510463643906,1689906296.135545
2026-09-17,SYRUP,0.19818539677923697,231336256.37957716
2026-09-17,XMR,498.6664189921579,9377659449.970148
2026-09-18,AAVE,128.54215685402488,1983128252.5446844
2026-09-18,BNB,737.8070248871743,98246752669.50174
2026-09-18,BTC,76371.3617203135,1533982493868.1716
2026-09-18,CC,0.10156705623424019,4023053572.6418424
2026-09-18,ENA,0.15461109017158026,1560847271.2477813
2026-09-18,ETH,2446.143252227872,298566484290.6061
2026-09-18,HYPE,85.06358331852043,18922029532.9935
2026-09-18,LINK,11.379932771786882,8513327370.010934
2026-09-18,ONDO,0.3720539260849017,1811653584.6218843
2026-09-18,SYRUP,0.2064387916493506,240970212.77950966
2026-09-18,XMR,517.1750098712733,9726002517.651836
2026-09-19,AAVE,139.48564283443642,2151986604.8057003
2026-09-19,BNB,761.1422907870758,101354002977.53568
2026-09-19,BTC,80873.58287659245,1624449753756.773
2026-09-19,CC,0.11103016568729322,4400345237.186856
2026-09-19,ENA,0.16830004595938555,1699041557.7243595
2026-09-19,ETH,2611.5555571198493,318763679004.78766
2026-09-19,HYPE,92.53945314183504,20585004734.166042
2026-09-19,LINK,12.224011588823037,9144782708.071953
2026-09-19,ONDO,0.3985332100607078,1940589973.5958931
2026-09-19,SYRUP,0.21933885994870292,256028100.77686423
2026-09-19,XMR,565.0777731211257,10627101085.31339
2026-09-20,AAVE,141.01821241950913,2175639850.481631
2026-09-20,BNB,761.7625351064928,101436534658.43306
2026-09-20,BTC,81236.41383660372,1631766599626.8777
2026-09-20,CC,0.10952556222863447,4341385457.730649
2026-09-20,ENA,0.20417370081486114,2061197314.0075278
2026-09-20,ETH,2632.0095970320526,321267925139.67786
2026-09-20,HYPE,92.1480019383505,20497928091.681744
2026-09-20,LINK,12.416572914885847,9288837830.404518
2026-09-20,ONDO,0.42015251948799043,2045861539.5571365
2026-09-20,SYRUP,0.22311734354337165,260438618.7251467
2026-09-20,XMR,546.6794975361839,10281319706.28504
2026-09-21,AAVE,137.54858649782042,2122124242.5973299
2026-09-21,BNB,772.2240978867138,102829538215.8589
2026-09-21,BTC,81169.03511950027,1630456856533.6533
2026-09-21,CC,0.1090287304607276,4322576175.368098
2026-09-21,ENA,0.2169872766148059,2190554365.950408
2026-09-21,ETH,2644.7349398187544,322828893559.51447
2026-09-21,HYPE,93.64483508577506,20830892210.01044
2026-09-21,LINK,12.515622855556591,9362937088.090887
2026-09-21,ONDO,0.4326132273354863,2106536846.1622615
2026-09-21,SYRUP,0.21906173713995175,255704623.0929595
2026-09-21,XMR,562.5655589059603,10580347407.477337
2026-09-22,AAVE,145.83823480646873,2250108507.9539123
2026-09-22,BNB,799.1366632487325,106413144403.33426
2026-09-22,BTC,86596.74004249526,1739520328890.6677
2026-09-22,CC,0.11872471389921002,4707937125.704563
2026-09-22,ENA,0.2123779826618508,2144022103.0909655
2026-09-22,ETH,2775.1686826711957,338758308121.54047
2026-09-22,HYPE,94.04979846054695,20920974577.08545
2026-09-22,LINK,13.174962130760056,9856188780.370564
2026-09-22,ONDO,0.45778754887148837,2229118941.5349483
2026-09-22,SYRUP,0.23111152710162713,269770005.02924466
2026-09-22,XMR,590.786916912482,11111365970.442703
2026-09-23,AAVE,147.83595123338552,2280949165.2163625
2026-09-23,BNB,788.1390870300733,104948633922.88481
2026-09-23,BTC,86183.29442787907,1731252948699.2454
2026-09-23,CC,0.11487640696446913,4556348016.363319
2026-09-23,ENA,0.21630344172998903,2183650839.08978
2026-09-23,ETH,2752.629093198004,336014807500.0825
2026-09-23,HYPE,97.19050715676083,21619611765.71361
2026-09-23,LINK,13.034779125019648,9751317877.922094
2026-09-23,ONDO,0.44098568111995334,2147305091.965558
2026-09-23,SYRUP,0.2201128488197496,256931556.28275523
2026-09-23,XMR,573.9543020394774,10795032211.285006
2026-09-24,AAVE,138.91420097479622,2143308463.6722236
2026-09-24,BNB,767.2269803859875,102163911310.80765
2026-09-24,BTC,84382.39990356649,1695109174253.2031
2026-09-24,CC,0.10999131000776612,4363313512.515285
2026-09-24,ENA,0.2060619294428694,2080259572.0787177
2026-09-24,ETH,2684.342871490596,327686843603.20233
2026-09-24,HYPE,93.98483388394457,20906523485.45361
2026-09-24,LINK,12.351352197523846,9240046213.674915
2026-09-24,ONDO,0.4123340416954338,2007790786.0289516
2026-09-24,SYRUP,0.20009144032834836,233561127.56743285
2026-09-24,XMR,553.3766774599443,10408233435.343695
2026-09-25,AAVE,146.8717416376066,2266090893.180637
2026-09-25,BNB,776.4242150845593,103388552949.42448
2026-09-25,BTC,84377.96508359577,1695061262169.533
2026-09-25,CC,0.11374054698001128,4512913404.923721
2026-09-25,ENA,0.22450836466934532,2266482100.201
2026-09-25,ETH,2687.1259839506374,328034207688.9713
2026-09-25,HYPE,92.08473777190251,20483855249.00091
2026-09-25,LINK,13.213625284353567,9885112684.430403
2026-09-25,ONDO,0.521589763739683,2539793021.7391276
2026-09-25,SYRUP,0.2175827529305598,253978246.29726467
2026-09-25,XMR,565.5865056890066,10638137903.355825
2026-09-26,AAVE,153.55303319530904,2369207749.421791
2026-09-26,BNB,776.9554691332376,103459249648.61156
2026-09-26,BTC,84075.71659039952,1689021200315.1973
2026-09-26,CC,0.12941654163199295,5135964147.215576
2026-09-26,ENA,0.2678191604871833,2703718118.6057677
2026-09-26,ETH,2690.8886985219224,328500746742.66174
2026-09-26,HYPE,92.36938575608632,20547173973.102444
2026-09-26,LINK,13.925470731214936,10417644242.17448
2026-09-26,ONDO,0.549052673535037,2673519010.0614414
2026-09-26,SYRUP,0.22316279776648965,260491676.1652187
2026-09-26,XMR,557.4392623273814,10485134567.459873
2026-09-27,AAVE,155.64560824521345,2401511516.410227
2026-09-27,BNB,773.2696917018991,102968411557.62108
2026-09-27,BTC,84416.7149816521,1695916693389.409
2026-09-27,CC,0.13577146656511127,5389228272.906619
2026-09-27,ENA,0.2694773011862045,2720457567.1313553
2026-09-27,ETH,2695.6048383919747,329084170100.4967
2026-09-27,HYPE,92.5403920560714,20585213591.613804
2026-09-27,LINK,14.144075493670789,10581182458.502443
2026-09-27,ONDO,0.537909825287548,2619260797.595073
2026-09-27,SYRUP,0.22024463795900734,257085390.0495354
2026-09-27,XMR,559.4045381573484,10522349064.812918
2026-09-28,AAVE,154.53109791982658,2384321600.454088
2026-09-28,BNB,778.5291973901076,103668697417.12689
2026-09-28,BTC,84448.75015162026,1696599373991.094
2026-09-28,CC,0.13720267254317414,5447100210.549398
2026-09-28,ENA,0.27216278352977324,2747568350.602914
2026-09-28,ETH,2687.5352894478456,328106879703.77484
2026-09-28,HYPE,91.6755608756444,20392835602.130135
2026-09-28,LINK,14.017368038274775,10486392614.868073
2026-09-28,ONDO,0.5877132644435462,2861770210.203375
2026-09-28,SYRUP,0.21766473981709755,254073947.29094076
2026-09-28,XMR,547.2953753244968,10294805349.704933
2026-09-29,AAVE,149.41969111557967,2305522948.9166994
2026-09-29,BNB,763.6764054388401,101690856461.20071
2026-09-29,BTC,83479.2543356063,1677138373123.666
2026-09-29,CC,0.13104052758795123,5204353437.293751
2026-09-29,ENA,0.25659323245587395,2590388867.02719
2026-09-29,ETH,2687.921688219616,328161568756.54565
2026-09-29,HYPE,87.47523657684827,19458491464.141464
2026-09-29,LINK,15.439985573182222,11550652750.658255
2026-09-29,ONDO,0.5199757609682498,2531933908.5798454
2026-09-29,SYRUP,0.2302046321719564,268711412.00791657
2026-09-29,XMR,541.0450062486041,10177469535.842619
2026-09-30,AAVE,165.23613592480058,2550251170.908318
2026-09-30,BNB,758.4489340468771,100994709942.48521
2026-09-30,BTC,83640.10160067653,1680405670009.9465
2026-09-30,CC,0.12356701963502072,4908439459.410856
2026-09-30,ENA,0.24828668475295534,2506531672.1700697
2026-09-30,ETH,2677.3845041515556,326882384721.9066
2026-09-30,HYPE,86.04388461440507,19140093354.764362
2026-09-30,LINK,14.60433092508257,10925499533.129488
2026-09-30,ONDO,0.501846689260074,2443657464.1095643
2026-09-30,SYRUP,0.23458784710981007,273827815.8959367
2026-09-30,XMR,541.9118440297074,10193994237.248854
2026-10-01,AAVE,159.43108958499548,2460673049.3952622
2026-10-01,BNB,768.7995283066532,102372905989.51941
2026-10-01,BTC,83576.13460018387,1679120514824.0454
2026-10-01,CC,0.12630811242477305,5018287757.551887
2026-10-01,ENA,0.2647587928272459,2672822750.7138057
2026-10-01,ETH,2684.708553282074,327783962324.3409
2026-10-01,HYPE,90.99315353286234,20241037013.475544
2026-10-01,LINK,14.36286375974679,10744857953.883211
2026-10-01,ONDO,0.5000501751957794,2434909643.118528
2026-10-01,SYRUP,0.22569079406776976,263442535.36061645
2026-10-01,XMR,544.6868096107075,10246436088.41028
2026-10-02,AAVE,171.36728996431114,2645041594.880164
2026-10-02,BNB,771.4235628245503,102722257670.132
2026-10-02,BTC,84841.66634358242,1704652759050.2046
2026-10-02,CC,0.12001468826401966,4769136262.829136
2026-10-02,ENA,0.24321125119897466,2455293584.369649
2026-10-02,ETH,2705.2959032354674,330305392614.80695
2026-10-02,HYPE,87.65681727335395,19498883311.83775
2026-10-02,LINK,14.380407345220966,10757982309.657589
2026-10-02,ONDO,0.49715806880559055,2420827020.8383965
2026-10-02,SYRUP,0.2395158694899925,279580158.2345404
2026-10-02,XMR,543.8685266654059,10231279770.942673
2026-10-03,AAVE,179.54654103945742,2771341168.7508492
2026-10-03,BNB,768.039998749011,102271633659.59924
2026-10-03,BTC,84506.46895963937,1697953579634.3535
2026-10-03,CC,0.11988156869581329,4764880259.515507
2026-10-03,ENA,0.23229493792934192,2345089990.5648093
2026-10-03,ETH,2667.9504418816,325753252610.3761
2026-10-03,HYPE,89.08329121566493,19816196326.54327
2026-10-03,LINK,13.792789313284505,10318385277.344793
2026-10-03,ONDO,0.4929239025661406,2400209465.4041505
2026-10-03,SYRUP,0.24159049953810052,282001815.7153714
2026-10-03,XMR,539.6917435610725,10152935191.417845
2026-10-04,AAVE,181.52480348657994,2801893808.629915
2026-10-04,BNB,786.7951581871963,104768984929.09435
2026-10-04,BTC,84742.78638478836,1702737315286.2708
2026-10-04,CC,0.12423394414094024,4938777098.73993
2026-10-04,ENA,0.23910098367658664,2413799149.272541
2026-10-04,ETH,2686.891434728346,328073789645.7034
2026-10-04,HYPE,89.29826265931447,19864015802.831444
2026-10-04,LINK,14.113054249994427,10557975467.025614
2026-10-04,ONDO,0.50185396651118,2443692899.4514003
2026-10-04,SYRUP,0.25843025960083116,301658395.43593407
2026-10-04,XMR,554.806676802918,10437530098.562351
2026-10-05,AAVE,179.06113436715913,2763875215.961808
2026-10-05,BNB,795.1820050446804,105885712017.08865
2026-10-05,BTC,86489.73482686514,1737878978541.3047
2026-10-05,CC,0.12941427672217135,5145700530.014261
2026-10-05,ENA,0.24132714027052574,2436272895.762292
2026-10-05,ETH,2725.9105379372454,332846167523.6478
2026-10-05,HYPE,90.51626788325008,20134955844.615833
2026-10-05,LINK,14.265471591895803,10671998875.994272
2026-10-05,ONDO,0.49835103496211214,2426635967.5051813
2026-10-05,SYRUP,0.2589610772698423,302278004.0164086
2026-10-05,XMR,546.6663969641403,10284627482.317535
2026-10-06,AAVE,184.06137166149756,2841071568.092936
2026-10-06,BNB,786.38723983808,104714547631.01024
2026-10-06,BTC,85770.87224573967,1723479563822.4038
2026-10-06,CC,0.12656274610991955,5033834115.288122
2026-10-06,ENA,0.24932241435658015,3342478617.4679027
2026-10-06,ETH,2710.4181759245234,330962511259.41034
2026-10-06,HYPE,94.15351440550145,20944045744.52173
2026-10-06,LINK,13.854445203264541,10364510046.815378
2026-10-06,ONDO,0.4993937386256431,2431713236.409752
2026-10-06,SYRUP,0.2500413642974038,291866273.17973757
2026-10-06,XMR,562.2350717717497,10577775399.045868
2026-10-07,AAVE,179.66501011568238,2773221804.162267
2026-10-07,BNB,779.196215223872,103756939951.80894
2026-10-07,BTC,85540.08713738805,1718883142480.0657
2026-10-07,CC,0.12716038847109795,5058457822.309081
2026-10-07,ENA,0.24044329815114926,3223442965.838845
2026-10-07,ETH,2697.1723962480346,329352893752.80865
2026-10-07,HYPE,91.91314715100317,20445685650.806534
2026-10-07,LINK,13.95931041620728,10442959709.516441
2026-10-07,ONDO,0.49105901487236603,2391128710.6036406
2026-10-07,SYRUP,0.2510613494068192,293056873.1967403
2026-10-07,XMR,559.4715401949135,10526004762.88291
2026-10-08,AAVE,174.02807467199978,2686221662.59912
2026-10-08,BNB,772.0487049959692,102805144892.80789
2026-10-08,BTC,83282.04538340426,1673545872851.787
2026-10-08,CC,0.11927587223724996,4745645203.65628
2026-10-08,ENA,0.2263983119080278,3035152369.016998
2026-10-08,ETH,2573.2309278741104,314225721923.2913
2026-10-08,HYPE,88.47476902557493,19680833173.43874
2026-10-08,LINK,13.321113113044225,9965524325.894918
2026-10-08,ONDO,0.470021097454983,2288688134.5741224
2026-10-08,SYRUP,0.23004870112874665,268529398.0736119
2026-10-08,XMR,553.5805297150155,10415421596.515215
